Server_Workload(%),Inlet_Temperature(°C),Cooling_Unit_Power_Consumption(kW)
100.0,24.72632281593243,0.98
87.35899263047313,23.08526213531408,0.95
19.31379966079001,16.288791406000026,0.43
41.40667955013878,19.217280242427403,0.61
49.514888570773024,19.991739982875472,0.69
50.2218958956809,19.0734436931662,0.69
36.09672536701581,18.655843599517898,0.5
53.26393548771748,19.47800594347663,0.7
95.95380398837662,24.535217804113127,0.96
57.35860653362174,22.01576264158844,0.74
74.41743772648515,23.013192780224347,0.83
79.66193956492684,21.58475197622977,0.81
71.49806506003111,20.857687597806024,0.76
58.50918952060892,19.693436191156906,0.63
56.861604729097046,20.517227620420968,0.66
11.596785795254236,15.759822716480912,0.39
48.973248798549946,21.08141035217642,0.71
37.956368537462765,18.113041613250218,0.57
52.64460171251816,19.64880835075109,0.62
80.14384229417854,25.13382452643752,0.94
65.09820499250785,20.008827123942872,0.74
78.57452350485872,21.01990468430066,0.78
46.01620524485563,20.55438615605396,0.57
53.11419148489016,21.28760147721253,0.54
53.374226628207175,19.740405265644743,0.54
87.34452850972994,23.51288053638184,1.02
39.08222064993505,18.4044866228161,0.63
47.34104406963394,19.101767622878057,0.58
100.0,25.00320377126321,1.07
50.21613966463356,20.65313912412499,0.73
59.24129059531276,20.484101380848447,0.73
72.34254358946286,21.726163673280197,0.78
55.02774679989625,21.98198933802384,0.67
98.02169727883091,24.76809193898924,1.01
51.22371351603746,20.31155181450852,0.71
31.80669729136929,19.5991161322174,0.52
76.26188293017742,21.33753516386481,0.89
86.81200759719336,23.615715079904856,0.93
36.60481759864806,19.03220258112168,0.63
37.15485067176146,18.676978983841995,0.53
42.29524011965867,21.07044852104936,0.52
97.98613177882108,24.48129230060648,1.0
41.43212650244492,19.78112638221841,0.7
92.6330834766476,23.84733400572081,1.07
95.83183640591938,24.059424157474226,0.94
43.53736206269637,17.59658975669713,0.66
59.122011372083584,22.07891529018748,0.71
60.87682848949341,23.04477751431274,0.73
50.84214122641582,18.64227351301115,0.68
80.36561011318658,22.466563683969493,0.93
71.88769964096537,22.867178458329228,0.73
70.00810229551678,21.62027396342495,0.83
46.171898578344965,18.40559205093982,0.61
54.02985875905955,18.24296094367165,0.72
35.31128627237122,17.272787849157027,0.49
58.503199054105785,20.460454312526657,0.74
50.97578715326005,20.77925835979041,0.64
51.24800351864205,19.64889653654325,0.73
32.25493003802502,17.695266984915403,0.59
80.08764550398426,22.68848769591988,0.83
69.06651938167364,24.149028184703187,0.78
75.59306264608176,23.087386321056247,0.9
60.52259662113138,24.260161553160884,0.74
44.52551943003013,20.560245909058708,0.49
57.45751050190154,20.521651210809743,0.71
51.75896531842794,20.4243822066697,0.66
93.39746227737682,24.09163262283356,0.89
59.52183542972837,22.42228528984751,0.72
74.344720380736,23.30308626937249,0.87
57.01445594348504,21.54567945598658,0.7
63.756420842488495,20.47669194509693,0.77
92.21696942180397,23.624831691876032,1.0
100.0,26.01628474618568,1.06
52.17819043091508,19.127850251979066,0.68
55.66066993033164,22.26718805574265,0.6
96.58773351961776,24.253834546646704,0.99
77.1335115736534,23.632067293863685,0.9
75.4321458019054,23.92686418298736,0.92
33.023653642514034,20.09867946491961,0.42
62.51182252953773,22.105219843018578,0.71
54.987785324697086,21.05032729425951,0.63
51.93462866271624,19.245448601281687,0.62
51.38772383497864,21.27663868165564,0.65
31.10260688665346,17.186613680443475,0.47
70.12102294529194,21.83156500980132,0.79
38.78123853429844,19.640496052882323,0.6
93.06727492734046,22.725585023737068,0.97
68.88072248982833,23.61410215502429,0.71
45.7619194266534,18.770362224167368,0.63
61.47935930907511,21.671761941740726,0.72
55.187189577746985,20.29115806933137,0.71
53.7187887202298,20.179427911479088,0.63
46.00465494046723,17.728683668164667,0.61
100.0,27.44039963150192,0.99
87.26591032017825,25.7465087647662,0.95
100.0,26.33314550364677,0.95
47.66854533699436,18.462770645614302,0.55
88.78234174320437,23.7216143887558,0.9
66.80376587838845,22.527322032936205,0.74
62.0703685843881,21.03803423049669,0.68
61.83541273267296,21.5905928468884,0.84
46.52220481001922,20.1761626780484,0.58
63.34319807959884,21.49746231276336,0.75
83.31014413105143,23.14722383001636,1.0
42.7888682336994,18.757766031789227,0.58
84.6566317337658,23.28434250126073,0.93
22.348442828737795,17.13725472392113,0.47
52.53604906875093,19.79163807707067,0.68
62.82285158073702,20.275400036612137,0.68
56.70874439933134,20.238015622924262,0.67
77.12554784940937,23.26534267919857,0.82
69.78059880145852,23.279404620807732,0.69
100.0,26.13399476444192,1.07
72.62018147154423,21.62201586827393,0.84
68.4891095418584,20.08174536097767,0.84
57.303922899232575,22.93206171553711,0.77
48.0522204034541,19.384001936340223,0.67
83.31017537901289,23.331648420956878,0.98
82.86544272290121,21.691368999259637,0.93
40.38273845180022,18.61916296704881,0.68
83.01720366573579,22.38866885058127,0.9
72.23287554825242,21.581178631392856,0.75
67.82519314837415,21.37956151774071,0.86
33.43024724923538,17.85533048491829,0.51
41.83222957464025,18.52663257138127,0.52
39.90167121129065,18.6483547303982,0.67
81.33735305743667,23.54600549644505,0.84
59.52276737938893,21.103068412172902,0.63
39.91377627356636,18.612016699096287,0.6
100.0,25.42953942678767,1.01
54.94290771179662,20.12179171656992,0.56
99.59621407933084,25.56072381411192,1.06
41.5329375899865,17.6545691245671,0.61
65.60394404264217,21.91142422990613,0.82
73.77168557777935,22.89061854198916,0.76
47.67647000484282,21.18982023044075,0.57
20.535869402988084,17.732470422131787,0.45
35.34642744077069,18.30291976326084,0.48
90.35307695162982,24.923664117335555,1.05
83.80997313506612,23.579822571467165,0.85
76.03181703894191,21.23699340763229,0.81
14.797219167697293,16.54168924797638,0.39
55.14639702297751,21.99081178308461,0.78
49.33002541446829,19.3207394283516,0.61
81.57015284672758,22.58085689531198,0.94
77.2530795335071,23.646402030984653,0.86
83.22654954224805,23.950242319263975,0.89
81.85180349538285,24.79645814423597,0.91
71.60007720478305,22.310013863514087,0.74
76.50892506214046,22.05962130969145,0.81
40.89672352861739,20.043949609671568,0.62
94.03089234627262,23.368231528612657,1.03
47.99886286869059,17.184815996901,0.54
92.1339362562933,23.789734540606293,1.03
64.00745099624632,22.420145658719708,0.77
86.95974146726707,22.751694721210864,0.94
84.18320251137617,24.455340549239136,0.89
74.47053048147467,22.312721145008933,0.87
78.78169014911722,24.11332181546251,0.83
65.69482937040952,21.62840820760459,0.82
66.9172022367625,20.90836070739625,0.76
76.52313071062184,22.487257880170382,0.85
82.40119574794822,22.92267623655092,1.0
63.46632517607132,20.18775315483608,0.68
72.19878204184006,21.654416602413807,0.89
88.0540705262114,23.615568827664323,0.96
97.52589200914672,23.902695672967425,1.02
90.18650270375883,22.941119047917717,0.99
51.42296948632872,19.21870486163313,0.72
58.23073619218664,21.2226933585938,0.7
36.81830570028365,18.05174007148982,0.57
55.56591199446376,20.43162785383988,0.69
37.5892396656196,17.85157492099882,0.53
95.45768764101147,24.520365248474857,1.02
39.15451000854041,20.080455680354284,0.62
79.59508799143025,22.15757932704988,0.93
75.67458036777332,22.0303663062597,0.78
60.14016938572976,19.484390688267805,0.65
77.6487134451233,22.027914393190304,0.85
17.89482688496239,16.693880348603038,0.4
71.02604018139378,21.20706569400718,0.86
70.23260655037598,19.89288515604753,0.73
10.0,15.99045573830702,0.37
100.0,25.951837242625466,1.05
88.10890939455808,23.6430055550536,0.9
62.7905929579303,20.899617878163905,0.73
65.00083378312384,22.049906848310243,0.64
47.01443505294233,19.706292371908063,0.63
38.61621923223048,19.513986245423546,0.52
51.07314211967018,18.656078419124075,0.62
48.99040711230647,20.870735401624653,0.69
83.06648909009536,21.540361261342277,0.95
70.54789696481596,20.918161756573788,0.92
43.92164870432423,17.602240495976762,0.54
93.70305695537544,23.05338979949125,0.9
57.03312305693216,19.124028095033133,0.66
30.2443490418282,17.610133561853313,0.56
76.9516267015947,22.800782114507776,0.91
52.68476059606398,20.611139458406424,0.62
50.14464390592905,19.75086304283876,0.75
82.51995345902509,24.10637636069241,0.82
77.13324928134655,22.996565675287208,0.91
49.64321122507688,21.42824541032147,0.64
96.02590252454718,22.29426451099737,1.08
51.213038530842056,20.0133327211514,0.64
67.2288820635739,20.190241362410028,0.77
61.96092424585385,22.013941786949143,0.75
68.54519014835425,19.43849289028323,0.78
15.613282135347582,16.54905498951205,0.42
36.30793147786288,17.109384279250417,0.65
66.79901408600833,18.81139506644658,0.8
93.90238111136198,25.89352136426404,1.02
48.857768557442654,20.84478844311859,0.58
68.39579072470494,22.238184345939192,0.71
72.85882988108627,23.15718767220682,0.73
82.0257371794372,24.05854748931707,0.89
83.43087919164026,22.91360913652772,0.93
84.68849413948347,24.858945276892268,0.94
65.17232112067931,22.80914789454282,0.75
50.52163991280635,20.870563258891945,0.69
63.03461551024855,20.505210176113497,0.8
57.60731627547328,20.893946304175188,0.67
72.65501702374891,21.85340344161278,0.82
25.87692709860077,18.17246894368264,0.47
46.26242600372677,19.83270703999851,0.56
48.65643536385443,20.58719810223825,0.66
63.67506461324,21.313885770711828,0.65
100.0,24.8152471618455,0.96
73.127465703031,23.26913414468549,0.92
80.9674160341759,23.695478357881527,0.85
82.0327448905368,24.424381591342645,0.93
100.0,26.94698034859291,1.02
72.29523826298627,22.17734883623415,0.88
75.07037370447587,23.222712567732373,0.76
54.20460835955315,20.5715856518456,0.57
16.618050375329062,17.081931462365183,0.39
71.86533892903408,21.34754090217956,0.79
54.16155691557933,21.366801751176197,0.66
53.37597423376,19.554030652594623,0.62
73.95779046913229,24.33859569248737,0.85
23.682667871512383,16.49958792391712,0.44
55.42005668532866,18.541982812099786,0.68
78.07315268645388,21.95146641311385,0.93
94.82762992680836,22.281449315551075,0.97
63.99965669578712,19.530460405721875,0.67
67.71403658147626,21.03490758558643,0.71
27.924907475197934,17.713060717799895,0.45
47.271664923682366,20.366062094209497,0.56
57.47005924684134,20.61270101999855,0.66
64.44841284148461,21.181072636251624,0.8
92.48608256108224,24.04678661943461,1.07
80.57931843434915,22.21245306086304,0.93
54.08467549242486,20.515518072470226,0.69
100.0,25.350929964820235,1.08
96.97725955634836,26.6612588303422,1.03
82.59440237600414,21.390366673577464,0.83
48.73557218494194,19.73776302523768,0.6
51.92368370777138,20.083178323549177,0.76
45.22926679054819,17.803819209871033,0.67
22.116310990912535,17.90644974139238,0.44
76.51530361326385,23.137426935044275,0.81
57.806840600820976,20.983256781230505,0.7
47.484545408788726,19.26339809813868,0.6
79.83272209806415,22.172023254148968,0.78
53.85961535563408,20.111155950802583,0.7
71.0848101254071,23.851672742634623,0.73
55.741577376286365,18.80051659659257,0.59
59.41408876669985,19.402011085104707,0.71
68.71763023192426,22.224436055899663,0.85
68.63632202378653,22.78896727475253,0.83
78.67203656917854,23.83620585499721,0.84
92.83218268596389,23.6248889269094,1.07
50.87157688354847,19.622803297179207,0.7
87.65242685482387,23.72471553770858,1.04
45.12931913043653,20.67433438777772,0.66
84.51122133682897,23.886315714592943,0.93
69.41512808275212,21.221100000378375,0.77
68.29756690338809,21.980332590942247,0.79
89.26678614568823,24.30551928100345,0.93
82.49380931952182,25.529486741125645,0.9
56.70848047872072,22.431750200976197,0.74
90.48713339250484,22.906378177904845,0.97
72.31081974314347,21.964921085484956,0.82
27.066933521475256,18.04574636074368,0.51
62.30518163757925,20.435679160507863,0.73
78.31439835268188,24.19564309503334,0.88
77.92580117401543,22.618407401310343,0.9
49.58368797209931,18.81534118859984,0.59
69.66770267079247,21.308036871979237,0.79
84.67136752906163,22.031394051824822,0.97
90.64479546295487,23.97164761201435,0.97
52.75820543432033,19.162528565404305,0.6
100.0,24.031157014975687,0.99
72.1707496481875,21.580010512439724,0.8
79.1263183824647,20.75228480958021,0.86
54.65655352777582,20.65751880527895,0.72
55.25109956676194,20.618881651756173,0.7
79.46487984224262,24.41983273584244,0.81
36.30443151502771,17.551284245674157,0.43
93.15467266122926,24.821273161266756,0.96
73.15359379615705,23.076265818598277,0.82
97.7343611142778,22.9508010664352,0.94
74.72946411388698,22.92923236430503,0.86
36.36967432473224,19.565357221205563,0.48
54.183642874402615,19.39267544080024,0.63
92.87118428042092,23.59214148265061,0.96
78.56571397506298,23.457897845801803,0.76
65.08334321372767,21.21100504017776,0.73
93.74338578994256,22.239592302876236,1.05
77.8928751930312,23.08660136270868,0.82
50.050493650966565,19.896568946361228,0.57
38.94331027852834,18.41743712699557,0.57
79.63792181426331,21.93089974647819,0.79
100.0,23.59693595487509,1.02
64.06719194730054,20.34465382959614,0.81
75.35662830374761,21.887024814162032,0.82
34.93870434384877,18.655206613640164,0.51
66.9963187666392,22.272150083508087,0.67
35.91741171477315,17.387280574681277,0.6
60.098985510548445,20.899576364456287,0.68
51.50156385068553,21.033853005755297,0.63
72.85534256075448,21.870724949420552,0.83
57.07272193346724,20.751106240967708,0.71
65.96580451748446,20.21391737772656,0.84
72.64340032416875,21.31658424930881,0.84
65.89325925972088,20.7133118461474,0.83
64.92864036667278,21.31407998941318,0.73
65.95768124172658,21.636710518602527,0.83
85.21117124785712,23.2657885557236,0.87
95.02231004227366,24.70913808888286,0.96
31.418832897609448,17.70551393934686,0.44
60.83326643416285,21.54830287044943,0.74
53.68072033182844,22.752900177017377,0.64
33.76902840920278,18.997306257820988,0.48
72.8600172931572,24.177340710999875,0.84
52.71430222042321,20.40139991101137,0.76
82.92480007970946,23.63230462833726,0.87
83.91956999828628,22.246277567870525,0.94
67.81037462739297,21.84843023547095,0.83
19.426451325013826,15.578041008451365,0.4
78.54603084769121,23.260984644826337,0.88
10.0,15.0,0.45
54.265768136108846,21.3173354778031,0.64
67.27988205203656,22.774101019932274,0.77
61.28840774799514,20.227686035999778,0.69
98.05829358410972,21.716996756444093,0.99
67.98963220331177,21.10951182977417,0.86
68.83299976105042,18.533496648314244,0.77
34.240616830616176,20.244436408398048,0.51
60.41939274047121,22.702532350321977,0.82
52.71110743497484,20.506270070303668,0.7
32.766115321295445,18.72490462723815,0.49
53.497526608719,20.952777465406808,0.58
38.76796272668815,19.453921791513693,0.57
41.13627731672951,19.93189289884295,0.48
75.23852212178629,22.605905419978715,0.83
100.0,24.6269620713055,0.99
53.18195138833689,18.20882917072809,0.73
69.25607706886149,20.610846501561724,0.73
59.14679578838674,22.18559077677147,0.76
41.5243396260901,20.08942377177953,0.52
73.87540038431614,24.492642242545735,0.81
75.5550180075947,21.729100725766564,0.84
42.16191130426667,19.46023069737885,0.53
68.09405802807476,20.872664601718483,0.86
93.12082777606884,22.74291095247974,0.9
72.45231880321296,23.609810738695234,0.79
59.71022952206276,20.97696963730509,0.67
89.03088677110284,24.18067977731229,0.89
89.8982952444209,22.88022786316504,0.86
69.61914901583295,21.313114702156778,0.69
51.27537151810679,18.283799090415307,0.54
22.409323329213592,17.67898495154703,0.41
61.21838415116692,20.08334166093825,0.75
45.27822349216196,18.378125163044416,0.63
37.59773587952783,18.890818415400563,0.66
61.74570464085512,19.94166849778681,0.8
70.96687732222273,21.29230477096776,0.8
76.64693718123699,23.993428413116604,0.9
64.62462493479495,22.73958521100056,0.74
73.50514966734447,20.85201888842751,0.93
76.41062629261327,23.40941488216972,0.88
81.36674423808394,22.398906824911183,0.83
49.14433504403483,20.231433418354527,0.55
89.01146574302338,21.95822941734153,0.89
69.68504466609645,22.875509545351036,0.77
74.14826652739536,21.620179394577317,0.82
72.08175178529258,22.88681829362611,0.77
66.49846336876449,20.639141240396977,0.85
64.80221318254111,21.135573606204773,0.74
65.35149025299009,22.73950790227843,0.79
50.59305923915786,21.654735803756445,0.67
60.4219516629493,20.79450573315514,0.78
55.51809951591653,19.905269844079687,0.6
78.7934565235031,23.876795561166634,0.91
55.33429141344002,20.95026796055024,0.76
80.18152363807702,23.460614935212856,0.93
77.30100602748226,22.222716347413048,0.86
62.93753675700978,20.5802391433518,0.86
81.40202232310892,21.303507033596155,0.96
37.64510961867945,19.6373442493272,0.61
100.0,25.13769267165986,1.05
89.66828927284911,23.46949434980461,0.95
88.60582066254514,24.58011389622431,0.91
60.53716388615256,21.02879927916882,0.71
86.21735645803003,23.124348509386863,0.96
81.84489265765183,24.21600105544846,0.92
100.0,24.107373104945943,1.0
67.70635559979287,21.81885807157936,0.81
14.711983124978415,16.913650522430604,0.4
49.55099897707555,19.57994401953608,0.62
80.88870520184862,24.65168015937304,0.89
55.60720000081963,19.09286239650834,0.66
63.7592870570347,22.63457576759377,0.8
64.93877165253583,23.19663154960966,0.75
48.98089861264189,19.81144841399739,0.66
69.1231269898047,21.212843855041648,0.71
66.86372219132483,23.207204114505387,0.72
86.61622300458879,23.82175150101464,1.0
73.77696860720003,22.146651817830808,0.76
68.32823791670064,21.63963432378928,0.78
49.42251298504113,21.10667422355376,0.6
56.6060490579319,19.757440367131014,0.65
54.81297649030384,20.57079603164495,0.58
78.72086929813138,22.12298806777969,0.82
57.08160105017401,20.68967566862028,0.67
77.3331491334066,22.9301728474836,0.87
80.62106842622535,22.21882274242199,0.92
50.81821714281156,21.25785841187728,0.54
35.398695615707176,19.64857101525226,0.59
66.09519017975201,20.603029859215265,0.75
36.236379652379775,18.45050815110856,0.52
76.22583357422927,22.881048905105708,0.92
74.12298287993038,22.54467663404436,0.85
75.93836740331896,21.24162714682924,0.84
54.337129135446624,21.257496638726163,0.73
56.270049056436825,22.105590085055088,0.72
50.044077154841744,19.599349278678027,0.61
51.97521683714019,20.55257435784572,0.57
89.0895619282498,22.569824942614908,0.93
67.87229082966194,22.73217340110134,0.82
99.9419691379206,25.58067209006264,1.0
81.48395568538561,22.70073674904225,0.84
66.52075655607744,20.948031022369246,0.73
100.0,23.530970354836096,1.03
54.33924259759446,21.218519369485566,0.68
55.09872231923239,20.47166419786837,0.65
44.4952501535181,19.938398384999616,0.57
66.30595161248137,19.34237094764709,0.76
75.2304914767382,21.91135512654025,0.87
20.25961630077417,18.534371261073467,0.39
100.0,24.75965028801934,1.03
96.59973084601565,26.790355441520937,0.98
82.6342293128626,24.16566029594688,0.97
65.9201823092628,22.25292010578565,0.72
81.43182646783009,22.855747049414536,0.85
70.28192787839254,21.922693063386983,0.82
62.18565764283444,21.30848503199457,0.7
71.87220461690791,22.214854226073196,0.79
71.8646098801557,21.26098709277161,0.84
55.13554965727342,21.21239623500956,0.71
31.63047534053901,19.087652904035394,0.48
48.605125635321954,19.644496829391688,0.61
76.19711232602695,21.35664765281448,0.88
86.32970499800543,23.185079931800335,0.91
65.2816449032406,21.23273328587776,0.86
27.25640047391441,16.89788565307795,0.52
96.3230504188396,24.74838243430689,0.96
85.08054191992504,23.239681565120808,0.86
87.25175343181331,23.697137453699312,0.86
35.69660407062108,18.220638035783058,0.49
47.94946619367487,19.51892819057497,0.72
55.57874105611583,21.2258140044423,0.62
70.33876346815144,21.69485298138195,0.83
51.79235511081991,19.00253933564088,0.6
100.0,23.10639541161436,1.06
80.91633177552184,24.33106913503786,0.98
59.22430287119222,20.271868487016164,0.65
84.42027362925683,21.902366877429035,0.88
24.148321172842262,16.49394554722998,0.38
70.2353821350205,24.626719367688853,0.85
83.00690040556937,22.12405062350781,0.92
100.0,24.66092071540284,1.07
60.983154771192496,21.713789424310686,0.76
58.66955731760954,19.916994638841,0.72
58.73971585320218,22.02671886466232,0.78
90.65926843060991,25.315936756407552,0.98
19.43614007164075,17.185670702307497,0.45
76.37631590628209,21.37317140633091,0.79
80.12951471803798,22.66299794302496,0.84
91.37463066361695,23.59709688859005,0.91
85.71873600142214,25.1732685963342,0.91
34.40759449613985,19.60743801878092,0.47
79.93901745893895,22.474576646719328,0.95
55.69794856806109,22.0651637494418,0.65
75.57020899545495,23.682192001771806,0.83
48.32642201243468,19.60622888445529,0.58
63.48457838630246,19.967339414531647,0.84
95.87121760505148,24.460733127994256,0.92
53.16747131501238,17.583452323144087,0.66
43.07949703147408,18.58036977786092,0.61
85.46232764597406,24.61509983110426,0.83
36.612518828688806,19.154333715607336,0.49
46.710529158667846,21.348691373575356,0.68
85.01787040267888,23.38276146479682,0.98
41.362067170703945,18.9317534681183,0.62
46.20896170419505,18.14030919561681,0.69
55.26696080322592,20.18349026937754,0.61
65.24096982286127,22.390287927812786,0.65
75.99341069322318,23.286936433084684,0.84
50.40941927890341,18.367315671727475,0.7
60.66523452254543,20.416287940329653,0.79
77.57898462852911,23.34324313310873,0.87
87.09807371859607,24.11384793733084,1.04
89.03915520004256,25.000226063551533,0.93
75.03699085656062,20.918815314629544,0.84
45.000704455214446,18.555808020475524,0.62
68.83603728686337,23.499617796928877,0.81
72.7385474131785,22.55763158131324,0.89
89.92136872715707,24.13735882381779,1.05
61.88004379482626,22.131293830178198,0.74
47.58239698172447,18.58942537584036,0.64
100.0,25.27198023478078,1.06
72.56839427684727,22.25166552975945,0.88
90.32414661063734,24.127038509374543,0.96
15.694523630661443,16.838267565120674,0.4
92.55273425421524,23.648315319225738,0.95
95.10567367931672,23.69015080030147,0.97
88.22249823644691,23.137652257431448,0.99
67.5139805809079,21.880694452304056,0.8
57.416831917612,20.573131693963305,0.64
42.88428497493104,17.95407336319363,0.56
67.20729483357253,22.575536840469983,0.72
80.9618634272525,23.323253123395705,0.99
65.84128991140012,22.020887673417715,0.83
68.29066177871061,21.35396607956413,0.81
43.45246745760591,18.82972464609181,0.53
100.0,25.04068352576947,1.01
68.40030051459362,22.191839715464702,0.75
67.8257012288059,23.507737338334508,0.79
58.590448636330365,19.84142885757217,0.72
58.9542689375826,21.491227740343568,0.64
50.38356038802836,19.13379321813356,0.8
49.719674729732205,19.826787024098707,0.59
66.2984229919117,23.916736208422584,0.78
89.78457899159628,24.198593575740624,0.88
74.4028393141098,20.52051043690525,0.85
77.21754746845455,21.64481002152788,0.89
58.13075014181752,18.88215683281959,0.74
48.83629942882281,20.425559428263607,0.62
71.95289031090559,21.05535197696812,0.76
49.99260421058773,19.323373729090783,0.59
87.35682124103313,24.41776358926381,0.94
66.31515597862102,21.876993064299743,0.79
52.08977959370023,22.253602133951848,0.76
57.208905948076975,20.390934427277266,0.73
81.21037407664616,20.716623398265675,0.94
54.608641409602086,20.63948893393997,0.68
75.94991352276688,23.3221944932613,0.86
70.24001860724638,22.633213572380093,0.89
65.61825406303764,21.53853241467601,0.85
35.62408824158305,19.94513100802413,0.59
30.978459869138952,18.293778403045973,0.59
51.41874103463204,19.93921373488825,0.6
31.14986887535473,19.414825582301955,0.54
56.9996130262749,20.43630829751837,0.73
48.86567389909847,19.03872526945529,0.58
48.96797051017212,17.34748599356495,0.59
61.9889245080745,22.319040448694636,0.81
50.78680661759701,20.982030633559734,0.52
55.591305937152896,20.479491621932738,0.66
69.57411257747012,21.2526761890397,0.85
100.0,26.10549457177509,0.97
64.50187796942288,21.559053753917865,0.76
94.08890280659176,24.747003664852887,0.94
43.228060511086014,21.12498645721429,0.64
100.0,23.051575631356904,1.0
87.97474572739867,22.978216340822623,1.01
100.0,26.59669306466631,1.04
80.39366084334229,23.85567317117225,0.94
71.88123277464716,22.19379168859323,0.79
86.43712943910646,23.7901013911973,1.02
56.4969790680421,21.219946223403515,0.67
83.43207809695298,23.016044544169286,0.85
71.99244378609139,22.134362000990716,0.83
100.0,24.804484162110647,1.05
59.70579853055169,21.12040525588043,0.76
70.6631411150422,21.97626577853902,0.9
57.38490740030994,18.350152676681965,0.73
42.70098367067959,19.13485586174218,0.54
61.80189125191215,19.076820431159263,0.73
78.0615169030945,23.52277716759058,0.85
67.7475868980039,22.51223385165692,0.73
28.02770573608753,17.116877934565583,0.51
53.88126250006826,20.93496547901718,0.59
72.26994424481275,21.868491148820645,0.86
87.55144609859447,24.001307618721903,0.99
58.12688808393073,19.62156872779075,0.61
50.88242646338696,18.66992428318586,0.57
71.67562839935317,20.98646300818768,0.74
92.83136461391574,23.60020494461946,0.95
85.05112351348686,23.711443397142567,0.93
53.35268928210911,20.741230470865627,0.66
45.62020321359388,19.683029937078125,0.58
42.60885484502235,19.206702186831475,0.61
72.04192367860313,23.03650054683481,0.76
96.59293508420068,25.51994583137523,0.96
17.870854160956952,17.709178729148103,0.37
100.0,23.965211053197088,1.08
45.100615628645855,19.25319038609536,0.61
65.60562690898553,22.162593662202077,0.73
54.25119176593171,20.814473200478357,0.67
61.309343571753296,21.781166413091167,0.7
51.9366831543026,20.56354200837498,0.58
65.43152478393742,18.98008576855152,0.74
74.66743903889115,21.3722777585696,0.9
100.0,22.74909812311152,1.03
83.56369721640141,24.01343194272565,1.0
54.93569495255971,20.944240393884,0.72
80.16097308722334,21.519738284642045,0.83
67.9463234309075,21.104272581244604,0.77
89.76379036436248,22.57204109497184,1.0
99.29235770636384,21.996417623224755,1.01
74.59038826746414,22.247000852630908,0.85
86.45003088642805,23.87919867369909,1.02
93.4854819902338,26.35575686038097,0.89
82.33761206929927,21.726366152664603,0.91
72.99887148590818,21.5742819341645,0.82
48.91759944046274,20.219185281627805,0.59
44.64245555310448,18.327683752524475,0.62
42.27213736804889,19.16569625802887,0.56
88.52775220290184,22.93473500924356,1.05
60.52062068648561,20.94861317603336,0.65
67.08007679666876,19.953899367244816,0.84
67.7463995851276,22.6843177710604,0.73
92.41791037179208,24.13070358332305,0.92
77.49129702497082,21.317232807667494,0.9
40.50891620917439,18.962975667691765,0.63
48.22716841586241,20.908650512369256,0.66
98.62947833926802,24.879902248670984,1.0
66.53706743628399,20.831487512784623,0.76
38.649731364098656,19.07757262697228,0.5
56.39873697972185,22.20006601006863,0.67
37.46308687874089,19.47103242204208,0.55
64.67774545139879,21.34905870948632,0.7
70.35909842374303,22.53563450358852,0.78
60.06913678320656,21.84825900245153,0.83
80.26652608767537,23.310454324692035,0.79
68.87641053428862,22.83545962386084,0.84
73.74329557605901,21.880266357791346,0.87
100.0,23.041885724639044,1.03
61.3461881611854,20.54670289746497,0.79
62.542384047776814,22.32526680864597,0.75
52.2226535405057,21.26200860822355,0.75
45.82596886329412,20.985137819156204,0.57
28.18672035518305,19.523367054101445,0.43
75.36518187855633,21.478578297655453,0.88
75.94215271487745,23.596883219189177,0.87
73.05478070484456,23.40460358495693,0.88
62.42774873603362,21.402239980820504,0.75
60.6975620120598,20.66864793315436,0.73
83.37000279347964,24.6013113106346,0.9
66.5711511083294,20.84860226880221,0.71
68.55729971133985,22.594251233047054,0.68
44.6874809339879,19.86872197325774,0.63
69.75975923564596,21.17161901258835,0.73
74.9418939055462,22.98014150992123,0.82
61.54531461277774,20.95686086113923,0.63
68.75778069888327,22.93867957302889,0.75
79.25493609187885,23.06307156628108,0.81
67.608867246409,21.91486663524594,0.86
68.52224350343181,20.554903873672338,0.79
49.723170747713496,19.73895783042004,0.59
50.0867457118202,21.259982832079334,0.6
47.77919214358497,20.778224485432865,0.58
93.35556408203188,23.661901453425724,1.0
78.25427670114618,22.03597459133235,0.74
94.6653761489938,23.70726325036047,0.95
68.29805580210052,20.85487820599036,0.8
73.44971392809593,21.10266514192916,0.93
10.0,15.245929719212002,0.39
84.62612344471884,22.763280873577745,0.94
66.63910107641388,20.08837159204456,0.87
54.173642553023925,21.38809141629668,0.7
48.31068570843608,18.57887293120872,0.68
67.24471855303969,21.160100414984985,0.69
60.3929451416814,22.047598169257927,0.76
51.95020652618209,21.829613385485374,0.73
49.176893718564784,20.51106152863068,0.53
65.66167537650657,23.671671137336297,0.78
47.438889713999,20.314741884542304,0.62
48.11794277053953,19.650119767632468,0.58
100.0,26.42611904531286,0.99
56.19203377874269,19.047474055873145,0.58
100.0,25.553702227170344,1.0
53.44946049354905,19.25105246377432,0.67
100.0,25.581368337615768,1.06
45.472200556801326,19.547156301737942,0.56
39.32492188670778,19.68284265914732,0.49
49.270301991884175,19.794388431454976,0.61
72.15722630234757,20.525515428178927,0.9
81.2638099519711,21.595301551524443,0.87
100.0,25.047600103145957,1.05
80.90285028448417,22.05939867277496,0.95
84.19421684572445,24.394447927801707,0.89
94.97872883698967,23.98643825081173,1.0
45.90368011531602,16.783712306743283,0.67
91.87137414621102,24.568604351963483,0.91
33.645712787624014,17.289432521505287,0.46
16.833269070021082,17.080918927054938,0.43
82.04623639894663,24.148322718199918,0.94
53.40387896618515,21.0825517357445,0.74
33.216760154202845,16.500890594758594,0.52
87.92408294459031,24.290014906475157,0.91
95.7291502144186,23.43998151281984,0.97
65.88933187710792,21.866847879972436,0.72
65.80271981589907,22.0784236613995,0.75
70.9800016970787,22.785630275645904,0.88
91.51067299893658,26.65001855922823,0.95
44.870100330718266,19.819279106282075,0.53
98.36787742696774,25.491241087898437,1.07
92.55188422870384,26.01316881840045,0.9
70.63132804215633,21.88988662163198,0.81
53.18984123610152,20.625303228653014,0.6
82.14743621112731,22.42939138406245,0.93
74.75329481836754,21.89706625534881,0.86
65.0865765845574,20.778944060436448,0.81
90.87972613511168,24.47830296427926,0.97
88.97567241406006,22.127132475781806,0.93
73.47132129697867,22.70348731481067,0.73
29.92589094024747,17.39748301521079,0.51
72.62470067110378,22.442570997837603,0.88
44.806885707786535,19.12675611676397,0.56
55.74547821068574,21.671457677991523,0.65
85.50898820866003,24.641176903088077,0.96
10.0,17.873306725620907,0.41
46.916270138766514,17.814775725523802,0.7
87.85477604080216,26.02773308683761,0.92
64.73745215258998,19.89703654638093,0.67
34.74799124397367,18.50665401724161,0.47
66.07623179833891,20.86038618843479,0.7
88.1033749328652,23.2286131659592,0.92
74.68954748911074,25.23402652754524,0.8
35.97425676181442,18.356848404804104,0.5
47.40526378181556,19.119942029423164,0.72
52.10130139683734,19.81323689357823,0.6
100.0,25.63230458485829,1.02
41.27709423487136,17.7943640974345,0.6
94.52726458343318,24.156059935179147,1.02
84.59152028263566,21.70335137245052,0.99
85.83481128078583,22.958769058448613,0.89
73.56744229266492,22.343289035455616,0.79
92.07717162031742,25.131627281763027,1.04
61.92771882797311,20.619215627886607,0.75
74.88949253564684,21.35114336444741,0.78
88.10003780709448,25.576073007075863,0.99
72.22359040287355,22.25661316074475,0.8
64.68600019336152,20.99889691200187,0.68
68.83584250355159,21.594060552453666,0.84
74.42039572427885,24.285561649915536,0.76
35.66801419992306,18.938133219557027,0.55
93.01244354933648,24.334715066596416,1.0
62.77909940572427,21.528065618719683,0.81
58.37442336359293,19.932373544888108,0.6
77.86604738506193,22.497050470732763,0.88
96.4041006331194,24.598439353881464,1.01
52.44098095893238,19.079897020869662,0.62
52.85291502702804,21.191113319205307,0.64
81.36533261285875,23.20667249855343,0.83
62.07312364999767,21.86286373067048,0.71
49.50070430278491,20.534995656656548,0.57
47.65293250160736,20.25129495292784,0.68
51.81746017249719,19.85772282186178,0.57
41.35937227262764,19.71089312807594,0.51
100.0,24.934062293651348,1.04
62.184346782648845,22.680271320964355,0.73
100.0,24.44848040724344,1.0
83.33391883208354,22.467690019058796,0.85
60.39417198928383,20.94342510663205,0.76
32.81565574344898,18.05174595728279,0.55
76.45217600249342,23.38931960641053,0.92
76.87764242036796,22.900108804974845,0.9
60.93243815851312,23.43976345531456,0.74
71.26942883963358,20.93943308739085,0.87
58.18968776675172,21.2390402196236,0.78
71.59777593309889,21.622622813375656,0.78
61.10660380505736,20.79263454531659,0.73
60.6665669669631,19.751793631580018,0.66
94.09734685340948,24.98329173642033,0.9
14.79301812581862,15.143995441373706,0.41
69.96826150788561,21.98716868624906,0.79
79.53760272319197,22.48910215616802,1.0
60.550757418873246,23.0937893364367,0.67
79.68050167670026,23.896784189977385,0.87
86.16866123167667,22.114476082405425,1.06
66.55656476810591,20.68249671942977,0.75
100.0,24.262978037994923,1.0
65.66035445491588,20.74277961478699,0.7
50.3563873007482,18.515851592971195,0.7
68.81798278664638,20.73538289402717,0.75
79.50117152559193,22.204125527170547,0.98
67.17552744206351,22.576914860142235,0.79
36.21210304455778,17.636175728268125,0.46
68.7561036523275,22.62391701452962,0.83
34.62941389241912,17.886841051716985,0.62
65.44033783937343,19.084515397507317,0.71
73.8049211784349,23.39896752438557,0.74
54.00028209548724,19.60134366545595,0.66
63.802010555194286,21.67561175332863,0.8
89.57954108657023,25.370762410449743,0.88
28.65522139919902,17.115407919209673,0.51
45.19213860411322,18.86935430340638,0.49
64.86279618429676,21.22632686848422,0.68
42.751719015923726,18.863920430844612,0.57
74.68224871628654,21.805312359802876,0.75
38.261963033915286,18.363587710807327,0.65
22.0027535529872,17.179711385301154,0.5
66.30778060644953,20.604227763988558,0.82
46.98742933920731,19.42328520982359,0.73
72.71986896970894,22.71413177064328,0.9
63.98210890936679,21.93368542674525,0.74
44.83596391704653,20.476710129202903,0.58
75.32944049575636,22.989529315831984,0.94
52.76090510890576,18.602530422225083,0.72
100.0,24.18607475197287,1.01
41.97355693675871,18.142089838242352,0.6
51.33924460716804,19.803611398576724,0.56
35.95685590572132,19.669439588204007,0.59
100.0,26.221226730771843,1.02
71.24642589447566,21.99210317358111,0.73
47.37953435622903,18.32925453328666,0.6
34.888604360172366,17.568912522743805,0.55
76.61723172072996,21.221967784317577,0.87
91.87589733272398,22.72235115506423,0.96
73.72210920431766,23.52413914426408,0.81
100.0,24.969662526267257,1.04
81.49200628932711,25.861312666198813,1.01
70.97682930170205,21.99491872284468,0.81
16.477909032657607,17.49278340784468,0.42
88.84442823860397,25.17656057630293,0.9
95.28651630982094,26.006578540720184,0.9
62.48505340107768,20.60006891220419,0.67
86.2550278318034,25.262491195680017,0.8
53.731369084849845,21.16074013351292,0.58
60.45010597545184,21.408397087208986,0.75
71.97625451046407,21.407087386719425,0.78
47.5894750812684,20.840909513362103,0.68
81.52350811187218,23.12241909253392,0.8
49.30392960952619,20.33031969552333,0.63
82.91866364934288,23.77555574590612,0.84
38.54609648844845,18.50339925903785,0.5
74.40911434588519,22.020930378962905,0.76
75.55655192078194,21.25628415240269,0.85
46.98208956357203,19.87060793577304,0.62
19.971355549100338,18.574130626086166,0.44
82.94833997700454,22.46137255651603,0.89
65.81264491150881,21.95397547941543,0.83
30.424195492867355,18.24638777614636,0.4
56.11189381003432,20.959211577472228,0.67
41.46862074890083,16.419836725257277,0.54
36.49913294278215,16.810009612486507,0.48
29.314186368977644,18.200965073854977,0.51
73.84217947579775,23.733232489665525,0.8
87.82744908272375,22.89725520085597,0.85
59.890938133505074,18.717142699690527,0.59
65.24036496242313,21.27504924469413,0.75
84.19981745365075,22.384890987853097,0.93
45.355992077924384,20.39094614144441,0.64
57.58775496236921,19.53598272371758,0.68
70.51096760630897,23.142024868996543,0.78
100.0,23.213013170176964,1.07
59.06116783308162,22.37667534776953,0.82
83.66276517660378,23.512321909291018,0.9
59.08143341775626,20.76513399727064,0.76
51.40444700847246,17.79208888527704,0.6
68.51534703172048,20.53649522025901,0.76
60.83161335863944,20.51741641917906,0.71
17.580249260681462,16.200762381826255,0.52
63.34306208467935,20.67954430399173,0.86
53.19765164789966,21.62823593514896,0.56
63.01275386915187,20.279700450276213,0.77
66.6495080585631,22.26513532257055,0.74
91.41846420484129,23.76455375293396,0.87
60.50424400758216,19.5391344108818,0.75
35.190342959254224,18.067468697748204,0.5
64.46319623560805,21.879602146186443,0.78
54.378421784762025,19.274451532449028,0.65
63.50231089714176,20.968171065840668,0.83
96.75206870669732,25.29652734305181,1.01
64.57952579048444,22.63694973015404,0.86
52.14280221452704,20.18667009254099,0.59
75.0766653861063,22.59535938138388,0.92
56.00519575092905,23.075049109804198,0.67
58.924749641094834,20.537700580718937,0.7
44.62380470812733,19.83180295907633,0.52
86.58025597061942,25.726344311530703,0.95
49.75772399442822,19.698496733345483,0.71
67.81641958887936,20.38611531938972,0.88
86.59887145398311,22.979404549957945,0.83
71.20513728348442,21.28022448833888,0.8
97.08814956327902,23.257415332120058,1.01
58.01782450312301,20.925232293130687,0.75
78.47123278945034,21.499081888869465,0.8
63.07288422612572,21.495027473671467,0.65
62.7407510199511,20.659959747902064,0.75
100.0,24.421373178168377,1.0
54.28562516055647,20.23478896254258,0.67
63.9028739795659,21.055860344738598,0.83
77.04935318509541,23.478233061047877,0.9
33.13315987746023,18.25599496133428,0.55
36.72983867386387,17.673203331859636,0.43
63.87922500150461,22.405469946363983,0.78
94.39060793139213,25.15541031668528,0.91
72.63245927167591,23.82973784786679,0.82
65.33852498911783,23.4148852272408,0.67
68.15238798687678,20.27219274150932,0.75
80.25492523737306,22.424550651132293,0.8
59.25886372351088,19.815775717390085,0.78
70.51641621477783,21.05969088321332,0.69
30.697564079460584,18.354622736925183,0.52
71.25646753402539,21.79841314253325,0.86
54.92798035574479,19.23493316971168,0.62
100.0,25.19103933599052,1.05
47.60416164274423,19.512212082521916,0.74
62.22040565590347,20.799319502205424,0.79
94.71187684385777,25.27208012672108,1.02
85.8099121078946,24.352224413909788,0.96
50.21359669113967,19.09073123452065,0.71
23.26225385440029,17.717751509888366,0.47
93.83976734572468,25.44433881452765,0.92
54.98588603655236,20.19395079933419,0.61
79.20177256203081,23.455825371787597,0.91
47.329404164658136,19.589444162874912,0.63
59.483905101507055,20.753845510313703,0.75
100.0,26.091164743229804,0.97
50.908120683691536,19.803973693017294,0.68
76.78891435159767,22.58128601424738,0.8
91.6624101465692,24.26542749142884,1.03
75.20091855149411,23.085293431724654,0.85
42.43015086199006,21.482488569395503,0.46
42.85918367632385,19.351899189593897,0.5
31.075263563185885,16.35803621854226,0.46
58.91465921471716,21.266363542483692,0.67
76.85064782539769,23.406852157042877,0.86
66.41892543814727,20.826575940989468,0.82
81.91719748184434,22.55217671103359,0.83
47.22469669472044,20.68446867306758,0.63
46.95281547771805,19.275943495342418,0.69
96.55322450569932,24.998184596258955,0.99
18.19877096245066,18.78871910336497,0.43
90.21357637627,25.082643137339065,0.91
94.94796807100548,25.248498778498465,1.07
87.65430216326877,23.659680233525936,0.92
81.84073924359737,24.886723175615703,0.82
64.6446709580458,20.84458745744808,0.68
70.50332512765515,23.488211095443987,0.91
47.321145670761176,19.38734397873272,0.71
46.41912364346912,17.496671772480095,0.64
58.0010060719132,20.81445408308904,0.73
60.79254315356387,21.06974061457542,0.72
50.64808855067661,20.615375028498093,0.66
83.35001068868067,21.37183361169847,0.86
70.70053947429611,21.4338333745374,0.77
42.65267335762235,18.02593000967631,0.48
78.04214926018011,22.418632765648542,0.9
28.66768145490498,15.0,0.45
59.717108041528455,23.194856487036567,0.79
42.94116229372318,20.003247119983676,0.57
41.12940997172954,19.05953308948798,0.54
100.0,25.63630667112432,1.07
53.26518704469408,19.075344250642928,0.62
73.71348395152505,21.492890774531425,0.86
78.48413675306332,22.09035967213732,0.92
82.75822698912597,25.473687199616304,0.89
86.18912619040218,22.55143831719896,1.0
60.27125210260837,21.97952104126705,0.78
77.63919880183715,23.45544897054578,0.89
70.07527211810397,23.2838864373984,0.81
54.611816952406805,21.64488687091992,0.65
67.38935542421456,22.663445150515397,0.88
92.13280709209003,23.81813572778329,1.01
86.41479403616145,24.28720715760692,1.01
92.22408559422216,23.309231711175705,0.98
65.52102717091526,21.57403294076613,0.78
70.75882217224597,23.37068430781603,0.83
34.505798620031776,19.01851629478488,0.46
61.73928583592036,20.74330317049008,0.78
88.37374155507686,23.56760844511144,0.98
21.21216373007049,16.27294460409146,0.45
61.73883470052935,22.520577821222904,0.71
64.46476243486985,22.29800846156985,0.75
58.03125138217929,19.03346492234607,0.66
100.0,25.46592992013632,1.02
100.0,25.24729782200539,1.03
84.94077700412014,22.64801068138792,0.92
64.8572358622997,21.33446424971805,0.84
45.2978235801283,19.36689058598988,0.6
35.317547560787986,16.758077023699975,0.56
91.09211711299989,22.922794433112365,0.96
83.20704046561113,22.75754917301857,0.87
73.62981663982373,20.722008909451286,0.85
72.20739266745801,23.602199529305334,0.93
57.76872824023852,20.99720885354038,0.63
53.47702412074848,18.67013585154336,0.71
92.59480035786112,21.619458935163458,1.03
64.28353152534696,21.211973038787143,0.66
65.66572465383405,21.26101512304405,0.66
83.55935138115669,24.634150410299064,0.97
55.87313199440807,20.68905583780783,0.74
59.61047760767759,22.600559746300267,0.78
62.038479471178725,20.05032795588684,0.69
58.52948343744335,19.345092247211767,0.67
65.42833829946848,20.893915079837743,0.76
79.49912126719504,24.09949260598899,0.94
57.73828318560741,21.486016169891244,0.69
63.22438288847267,19.68847042160772,0.75
47.80288428623241,22.58775762970313,0.56
67.45418412196501,22.88589761336547,0.79
57.40050645589324,20.368902519795515,0.76
60.29890212303584,22.219986834475822,0.78
50.3689698965157,19.069213466651227,0.61
63.12201898209055,19.49387545206394,0.75
88.68504025612789,23.47149449217745,0.97
85.30818287471743,23.202107420512203,0.88
100.0,23.97153459935058,1.01
59.82087451926392,20.46733267671009,0.63
60.48488719296652,20.75455765676236,0.82
66.38920751353052,21.884594134311083,0.7
44.994338987592144,19.148721595647554,0.55
57.94283417091461,20.40089845602341,0.66
63.93853323682994,21.147851874817786,0.77
72.40924195187125,21.505892443838857,0.81
54.31086258680895,22.21206631298803,0.68
79.06413323289928,21.98248953080756,0.99
40.98022293518211,18.42069757666076,0.66
76.96594835236523,22.816033325783117,0.85
76.67081764301534,23.88178159017541,0.92
100.0,24.477103897905103,0.98
45.738839272775664,18.97156275236964,0.49
71.9528398835213,23.197126592945622,0.73
56.74281784696201,21.53244437266997,0.8
76.78414317912427,23.837070653033926,0.79
34.26013630944233,17.337978467141777,0.46
85.0259967442529,23.91363035341273,0.83
79.37427540579066,21.62443488713845,0.93
100.0,25.586244901791204,1.02
49.91933414246942,20.263762693951467,0.63
66.24158721295167,23.04461592730569,0.79
45.9274045468307,19.642467943392028,0.61
75.10553112980739,21.5426895565926,0.8
63.199106992349954,21.481769878887885,0.66
80.72284875670931,21.88728426193249,0.87
78.69629582405986,21.90640228678005,0.83
56.14603689966094,19.615226572529924,0.74
81.39112882969512,22.698824351849204,0.86
56.27792587734541,20.2232437971352,0.63
78.27297159472579,24.33474433768376,0.96
68.21507540894576,21.43712402921784,0.76
69.13687364157121,23.561150804817625,0.75
87.40739050677797,23.798799499827272,0.89
57.51233610571636,20.350810720971975,0.69
30.71281387096414,17.941132427122383,0.41
46.29101079079088,19.639791147235798,0.59
76.61994143080108,21.777083529437604,0.79
74.51345817471558,23.501454402814662,0.94
51.70421822319451,19.119401113598347,0.57
83.27078232810241,23.40111359797989,0.97
52.0549957825077,20.412077362845885,0.74
51.99131596196132,21.72756324427548,0.77
48.63252664059167,19.464931354258205,0.57
70.37668412011112,22.965061836697107,0.86
55.96447210733605,21.376168723748417,0.81
74.634499492708,22.270799568614457,0.87
40.65049442026746,18.589356298413666,0.52
84.95785562734821,22.526321201844297,0.9
82.51644116450467,21.53790802525372,0.93
54.484287295229336,20.84046245216016,0.62
55.854199140513366,21.58320324332172,0.76
76.67795176239287,23.14181051801188,0.79
79.48503352501285,21.74490485043119,0.9
44.3625900157802,18.543069358582976,0.54
65.95074928482005,22.37619268577701,0.74
52.06959341003034,19.45527295784822,0.73
61.67693708219059,21.305707872878045,0.63
36.18056990723925,21.58395753631132,0.56
70.28735773363869,20.54658183828516,0.78
66.89414479658542,21.52424583736264,0.68
90.2765975512297,23.8664373838017,0.86
88.24533976918494,23.38263978339239,0.84
33.71417184375808,18.27775992007595,0.5
41.865209389121134,18.462761390017224,0.65
76.05866373676444,22.291482216702136,0.86
41.44614422041341,19.159554193224054,0.65
96.7456154545498,26.063874584689504,1.1
78.48481228182527,23.90363544122313,0.8
95.99656878309015,24.23596988469928,1.01
48.59306746568424,20.34493089506965,0.58
98.04757544589545,24.82772677569501,1.04
63.6055481795594,22.23577036579942,0.66
69.20636520214882,22.052001569252905,0.83
61.62668846845403,21.27802551616541,0.81
77.85981286058728,20.35593483129797,0.76
51.94069403309859,19.22706141936229,0.7
53.19287785243409,18.60973248769738,0.55
68.30976186763436,20.563538074927266,0.83
42.23963272747779,18.6135429637862,0.65
86.81826104824154,24.46808606954772,0.98
32.523868641558934,17.153600393131978,0.55
62.04773653888658,20.33468448485112,0.69
57.88465129991769,20.38200885464624,0.74
48.30005519815488,19.934668321920977,0.51
50.685824473176254,20.72703121785871,0.52
87.58021985837303,24.95779514657992,0.87
100.0,25.70167306134117,0.99
60.75770129311809,21.55968587018299,0.74
35.481346180538104,18.03610788142788,0.53
100.0,24.07079059213622,0.99
96.39518349835876,25.57756903664965,1.01
71.94065674605791,23.567096661830384,0.83
83.73282547049386,24.717877484818207,0.98
52.3743756444072,20.44898130730804,0.61
64.80366838770952,21.38252651297067,0.72
61.797480616523394,21.020674622624075,0.65
88.66834913178982,24.15585235038969,0.95
32.859918822616535,19.04193923193493,0.56
93.24739200353508,25.289870141655065,0.95
60.632441044145295,20.06877395348303,0.79
55.68045668128262,20.2203053570834,0.62
64.60822871011086,20.456804019738755,0.75
51.55420924650935,19.21322129995559,0.65
70.14253160050205,22.149874931223412,0.79
76.73275464212628,21.03257442423813,0.91
59.96501996089573,22.24983280106674,0.79
42.73818345414922,18.222686396002423,0.65
21.29827630454184,17.363813040534108,0.43
90.83480066499604,22.985368828515032,0.92
96.266535939884,24.08954296822349,1.06
67.10615678978839,21.474143943806023,0.73
100.0,24.038518753155397,1.03
56.35317319237818,20.93909362056332,0.67
71.04868696196249,22.442826994192554,0.81
66.6030093275803,22.089931377643904,0.8
24.977692387849345,16.86817966702496,0.51
88.1632980816612,22.83902858517609,0.89
66.00347061201884,20.620118429342646,0.79
70.07058949215087,23.40998089297849,0.85
66.67987875803401,21.927872234134167,0.77
46.44367553141355,19.876240741172506,0.55
68.59722114290011,22.823610374046403,0.77
61.69519749556074,21.707530680584675,0.82
64.9494595587213,20.982218889973392,0.79
45.05281419542402,19.62671550906543,0.57
48.47287870531733,21.344452651819555,0.55
60.33615396305736,21.229126067517644,0.71
62.85397750425273,22.18029399674302,0.74
41.91711335890954,18.614013328570437,0.64
85.51369183215617,25.24489919343254,0.97
66.88486118219146,21.502503725552728,0.77
100.0,25.87063211832548,1.03
72.45870379835128,21.607300346521413,0.79
52.17822782144923,21.408053825230805,0.54
55.70381250232468,22.48025730328861,0.66
62.33918207536643,22.771501595801357,0.74
43.75880361722922,20.396419290794643,0.57
100.0,25.230118208850783,0.94
37.51220909415231,18.796290252091545,0.57
49.56726668349391,22.279002174482684,0.57
64.65717644983526,21.513156587614542,0.92
76.15255263614715,21.62620723122058,0.79
49.94698949795725,19.198030100316814,0.59
70.49535773944132,20.82949048405696,0.84
47.25535493447401,19.177680304933062,0.64
51.43609565695047,21.13221315761819,0.65
83.43217770055881,24.166744242133635,0.88
10.0,16.236990879384535,0.41
54.907837874312015,20.31558334916113,0.75
44.88115856500549,20.26750191247762,0.56
57.69166325046356,18.748364338132465,0.64
37.44990298032141,20.647145456982624,0.55
28.730725563319425,18.13454917089316,0.41
77.50667959791221,22.345096179614195,0.92
48.96245022749388,18.857555372818023,0.6
66.9247876627106,22.896340678375708,0.81
59.04326151533826,19.092296001523863,0.72
37.71096095160948,16.0503142817766,0.55
59.89580203880761,21.748555101995017,0.8
74.14922554207456,21.542464409520885,0.81
48.60068229254576,21.068272232557444,0.57
55.80217982991277,19.540094465670897,0.72
94.58333141375267,25.416369289316464,1.06
31.96355413353446,18.140269183594512,0.54
100.0,25.877123534478127,0.92
57.8506395393934,21.28492469046081,0.62
50.13817384521918,18.47449957954212,0.6
63.002694011229416,20.986094956964475,0.82
49.192486419740376,20.93288566905685,0.59
25.780043501695147,16.189134384129392,0.39
38.72658060140071,20.5580495970455,0.57
64.02088157801347,22.055009516141396,0.76
94.14130689148884,24.55214561615953,0.96
49.29601627660604,20.05278723433291,0.61
61.31124760202487,19.88750832436584,0.75
48.84391573175585,19.838809808424216,0.54
84.04317742942354,23.085177246348284,0.88
67.73816623453169,23.4915834201256,0.86
52.74338498555648,19.061300000427767,0.55
38.45583295959848,19.14396982813585,0.55
50.6243962750408,20.94183220925928,0.7
16.40804546779399,17.67158873092169,0.41
84.92846519686546,22.654389244328215,0.99
45.69695197611527,18.078247173052507,0.65
73.21458008915477,21.11201529477777,0.8
67.79047671340136,21.336466479139084,0.74
95.2157028424599,25.129214593911545,0.96
56.96892819321821,21.851781280028327,0.69
79.2844062212623,21.243871489229228,0.84
82.27321909998415,26.110993372936285,0.78
51.55623520686997,19.839240530070423,0.62
96.5281162022242,24.4953295886748,1.03
83.886876998166,23.77859035772814,0.99
51.16965388590173,18.891352855538287,0.63
53.89796375063119,21.02471357202467,0.65
66.24645575465846,22.113312198434475,0.72
69.48709789209583,22.889421627516526,0.75
84.66759540484557,23.972227898948294,0.87
53.452468596064726,19.07792024370405,0.65
47.86693702619608,18.51022932056489,0.53
62.237324463406246,20.028678900931897,0.79
24.50323266066252,16.757336814548886,0.35
41.38435150967371,19.152896362669587,0.52
49.49379667627807,22.631240633309258,0.6
41.46910845597845,19.758320576240877,0.63
81.75499904633162,23.544581516316303,0.95
81.4597830263313,22.151201952879934,0.79
62.503085376452006,23.48068773139728,0.83
43.82264098286603,20.09180045127011,0.6
75.11558796032489,20.62359104117479,0.86
33.74997409813371,17.625723782498795,0.51
52.748602965329,21.19498134971388,0.61
92.1747563261254,24.34588568628141,1.01
46.84135043826704,19.230555065162736,0.57
88.26232803933894,23.398244576026777,0.9
35.27593334723866,17.878733292916728,0.61
49.75006532529005,20.77174972644938,0.71
88.1840417932516,23.5017630339906,0.88
87.80898329085598,24.634643999894667,0.89
47.89308285850149,20.30091961637268,0.65
43.69371808988829,19.289741110958527,0.56
68.89726147268149,21.252285232971666,0.83
67.55403109205271,23.67894452882081,0.69
100.0,24.620007539364853,1.06
36.494571539992,19.9495474085532,0.48
72.37542930340717,24.105672242873613,0.82
34.122393978697104,19.10085231254658,0.54
56.97419150881245,19.52616148044557,0.68
55.01135205550668,20.89858553451648,0.68
32.48425496817533,18.66444239442024,0.54
68.55453353388761,23.54600292777554,0.8
31.15591432586062,18.84609855823212,0.47
91.01974483012673,25.101129780361127,1.01
53.62702116797959,20.524397434716185,0.62
86.40698737330155,22.45250177497172,0.93
10.0,16.743357352893643,0.38
70.10584511484016,22.575744674471657,0.78
80.92796767551908,22.04009704904516,0.93
72.57478473512826,22.91112435721072,0.9
90.03855598756246,24.028179754839947,1.0
80.75660118873203,22.677896786609864,0.97
81.54876247604297,24.43207863108941,0.91
82.1597660848663,23.673537318193183,0.94
53.84768466932724,20.30192501503449,0.63
64.43616295930943,20.34425618869275,0.72
78.0422778472634,22.048260123000663,0.83
48.97149707105012,19.241618667870192,0.64
35.78486550931294,17.111034185148366,0.44
64.47386500515765,21.369154262680908,0.86
75.07792710708082,24.11937437542146,0.83
73.37146331499444,20.22394930828079,0.92
78.29924432546841,21.99822421858669,0.93
58.36463619139302,22.162105887858694,0.58
50.23953070528233,19.126724205311,0.7
55.06827679724066,21.40350148508356,0.69
83.74056502702496,24.451387139139168,0.94
77.88850118700309,22.92362100118179,0.82
23.61023136221001,19.73299952364107,0.43
79.78333436153392,25.027288629164385,0.84
92.03440409128218,25.969396249464808,0.97
75.34557811942767,21.74356716939499,0.84
55.392468771062255,19.31109573036324,0.71
72.65162377778287,22.164223786841667,0.75
35.07827288323787,19.16856982998192,0.65
33.41795066981823,19.04442496088024,0.59
80.58792739090082,24.11185670729933,0.86
69.36348379343114,21.119932088749348,0.75
72.6480572222748,24.584164077349477,0.83
100.0,24.425632525068934,1.08
65.91523631514664,21.94789554397865,0.77
33.15153876927215,20.418169523567908,0.53
38.85723216371121,19.336513062772323,0.64
65.98028177580582,21.177066145820337,0.78
60.35864090275892,21.70410163397533,0.73
66.22196319751177,20.960392955285503,0.71
59.4413529170696,19.650658463243754,0.72
84.02028715583758,23.86166162736349,0.89
80.22617985143103,20.50081638610969,0.82
76.23945158337588,23.25257710824736,0.89
78.7369699038559,21.514247350584142,1.01
47.81413973804972,20.213166580221788,0.69
68.51684580430695,23.66947243470208,0.74
48.41367249936114,21.94333471862143,0.6
34.65409781026278,18.89467795747763,0.5
59.26910252683136,19.918907084377118,0.69
100.0,24.21926037940065,0.97
70.96712012847276,21.386376745861064,0.81
46.77738293474161,20.01540784162279,0.61
66.57207884800512,22.561381717405663,0.82
69.56284431295308,21.850011261199164,0.88
100.0,25.079373010473283,0.97
76.30343782452586,23.03563243065222,0.87
35.27276233868909,18.45905203876781,0.45
75.78404280855933,22.068950753451222,0.76
68.39032931600634,20.54960292800195,0.82
61.92183981779281,19.53758366073826,0.71
67.9260047059867,23.00762515158489,0.75
54.21565513245692,21.828219412008885,0.66
65.88954556542933,21.893582137821333,0.69
56.24905142752901,22.00402609457404,0.61
49.76850990706954,21.69485551768171,0.57
27.93770918936695,17.014912204567935,0.43
74.80797621032539,22.66982757124514,0.92
54.827380107119126,20.030276483472505,0.61
79.7497257920105,23.36218269114984,0.94
77.04967453253232,23.242183658700707,0.78
84.09590546681137,21.716277249507392,0.97
53.70730698150715,20.911957455644597,0.75
100.0,26.20747259326849,0.99
69.79220506507423,23.6610100876404,0.72
71.9921638339694,21.3192013771017,0.71
15.705632759224912,15.089143707702595,0.43
100.0,25.37105026390932,1.0
97.7924165949958,23.29164774246873,0.97
65.08849167420234,20.70104640204435,0.77
79.79348901535269,23.16694656842395,0.9
73.66997455931758,22.96749332012275,0.9
86.77561419960956,24.494351743078216,0.85
73.20890761481026,22.158370131535506,0.91
68.9036028497162,20.95304500245381,0.81
60.8782161732094,20.351051745277505,0.82
19.864464115108483,17.529474952666234,0.44
96.59113841385116,26.13339776456109,1.04
98.0762555007991,25.94301315879133,0.91
72.3814515830616,24.08846798314917,0.77
53.02623375358038,20.454415846847017,0.64
30.923994877207704,20.449280925073616,0.5
40.75861211500778,19.2790282653837,0.52
99.38483937921232,26.151588611179864,1.08
45.22391950703211,18.290508057252644,0.66
76.40054981898456,24.939219118897533,0.89
84.6480678189108,22.092510267450088,0.79
53.28753376005496,21.720872565648627,0.63
81.25709889525844,21.997226068585764,0.81
57.61694361375768,19.701506339040584,0.82
83.8932969110638,21.594551116387528,0.86
55.665394786436536,21.915716398287955,0.67
74.20719012104063,21.89735423706543,0.73
63.44728849160065,19.80641586133526,0.81
56.59778028012703,22.267073071985017,0.59
54.528819389682056,19.888358330209527,0.74
43.83855917676449,18.90124094068314,0.55
81.5827030539682,23.833439232517527,0.94
92.01088951815652,24.093920870099765,1.0
43.91635093979563,18.94765950133508,0.6
100.0,21.564252269080523,0.98
73.53262788707215,24.279414985863085,0.73
50.4106307366517,20.285808860600618,0.77
48.83489104722981,20.60862746386403,0.71
86.45092472318296,26.385089302342724,0.99
68.67551198717605,22.070147948813617,0.73
91.33723590170788,23.35669918069234,0.95
26.879321248652708,17.65446630827764,0.35
50.68849028940752,19.253921047416053,0.65
50.25624750881954,21.67019497748694,0.56
82.3345975672673,24.58391046485984,0.95
66.22529045287659,22.01686616849069,0.79
83.95709866519405,21.61161617451158,0.82
45.32719879853653,19.11912279387581,0.63
80.82970434123342,22.860900336801315,0.93
77.18433104109597,22.38271377821225,0.82
95.1284633709224,23.905440125079597,1.04
38.385446643780696,18.526201401348374,0.62
92.72638754586,23.710800012103533,0.94
57.944040825251,21.309972037311425,0.77
83.15352955040306,21.58322154293856,0.85
53.398183748793286,21.624139625132816,0.7
84.53667547773861,24.263321729335097,0.85
74.38325218079365,22.825681222126573,0.84
75.47866462343,22.759675566585912,0.84
61.65333227900395,21.09828434761408,0.75
74.84421952189442,21.61457418154324,0.91
52.3053187133042,19.31410016952584,0.79
56.39955211322328,19.44505394993564,0.62
43.271216654170544,20.60127300993685,0.49
100.0,25.825717659850326,0.99
65.9486355640987,23.183421857809467,0.71
72.91569393793887,21.524541490559496,0.92
80.16146595751182,22.82470971024529,0.86
75.0757483525619,22.751631697268653,0.87
48.82319944570416,21.072044693592296,0.7
68.37235953804766,20.47018156011613,0.78
30.078817724159272,18.19697364212692,0.55
50.73443952468829,21.33046131758544,0.55
53.46479434940146,19.775832523953092,0.56
68.22503737237822,22.637062787294585,0.82
95.72923412354773,25.12975713338658,0.96
84.26594618857312,24.934874016987983,1.0
52.20829070552141,19.98716625940857,0.68
89.6965681806823,24.554273773456345,0.95
100.0,24.458581398162096,1.08
81.04199450463764,24.75905119684514,0.9
40.84657404793842,20.98845541218441,0.54
61.85296290808187,21.30955436918202,0.73
65.17291128589889,20.018996359348616,0.69
69.31758459112547,21.660858322900037,0.82
100.0,24.68063112580726,1.0
82.75979052658056,24.59022915305336,0.98
71.2698678053919,21.775122336769957,0.76
55.58122095035113,20.083551394455053,0.7
61.919708013650855,20.14703942019413,0.72
76.19124180260445,22.44205498383851,0.83
28.670208935618724,17.164154903678885,0.47
56.7418880643491,20.666572363738016,0.64
39.78085983560334,17.70633173857201,0.61
81.93684335405959,23.287425834057807,0.9
87.56147357027564,23.963875599312157,0.95
49.622652305738136,19.840753524580585,0.66
58.09462835110124,18.57494498091468,0.69
64.37442512659538,23.083282130802974,0.76
38.606326835019935,18.41595971850752,0.64
90.30504678276392,24.4371791297551,1.11
92.1769056184054,24.25813684093839,1.02
45.24350565808291,18.999549239489934,0.69
84.00024743126087,23.9824577344971,0.97
67.51969162827187,20.523961411467106,0.69
74.64781286015808,22.35908783237743,0.9
77.57395292841193,22.839778307305615,0.8
81.33626879524996,22.79181593500969,0.87
48.97206220792874,19.486526281950344,0.54
80.03371825881726,23.345280824257976,0.77
93.39022002434564,25.206201481630742,0.98
74.32494159587077,23.34696042551523,0.75
18.819986971245243,17.028627021164343,0.46
95.20263898034688,23.29888064487545,0.95
81.82779409047266,24.359335628047493,0.93
61.77451968194488,19.537067181734628,0.6
37.47779099172173,18.105909945758185,0.44
67.87569224412678,22.534707311279103,0.84
83.06075759918994,26.37307427379506,0.86
87.74730958589583,22.823157533328946,0.88
48.79247412341837,18.783217075277275,0.6
49.72306302249631,20.68682274138709,0.62
23.76214121209442,16.665292703023248,0.38
65.03958970706351,21.62112892914388,0.77
67.17915267845711,20.890362356063328,0.71
53.32028786663297,18.63582227626484,0.6
81.94093778570587,23.997538257692653,0.87
59.03001238844966,21.823897177228584,0.67
73.40096862630921,22.60664836150931,0.94
90.5465239941672,23.83542800716992,0.93
35.83706659206218,18.3272324338686,0.46
72.8599138759427,21.57731746735584,0.83
67.92659582609788,20.314811900465088,0.79
96.30977938262744,25.27393523779907,0.97
64.19588780969508,20.615939853659462,0.75
56.18537017502801,20.26170207234512,0.75
61.20984700399484,20.326300110324688,0.75
65.25412290219928,22.171573216335798,0.71
85.04201443311513,23.17057702896869,0.95
88.2239697205819,24.17345242560152,0.97
86.23097753075268,22.775413452730184,0.89
68.19141732320814,21.758124423869067,0.79
60.13363963767922,20.41036365327643,0.8
48.4732893662447,19.413046746492057,0.7
80.17047862592439,21.871825533839186,0.77
63.52663341452434,21.88918420016345,0.71
45.5252744574664,20.2531017585314,0.61
28.13500652586979,16.43183571927696,0.58
44.80335983639688,18.882611471606733,0.66
100.0,25.078053601172705,1.04
100.0,24.812431578942626,1.08
83.1174090695005,22.746181403919906,0.87
66.39438408234541,22.82551222658376,0.69
52.30311313380158,19.715782412278056,0.64
78.94579692658388,22.44977631094624,0.87
65.7291258200619,20.283549087738557,0.7
91.91038400258142,24.201010609709908,0.88
62.780027234733,21.38111261000877,0.77
35.77182911472031,20.37049482508328,0.47
90.13701118862828,21.78854959984067,0.97
44.40721438880268,19.94050089265916,0.58
83.87344915279023,23.72770548113101,0.95
87.85150371668516,24.158201967811745,1.0
70.59932720260453,23.478543336554107,0.82
58.69018150334163,20.73499109595333,0.75
51.99638200535695,21.391315679938906,0.8
78.00409646934354,22.41003391521496,0.86
45.34230070601637,21.6391098331466,0.56
83.6046427596051,23.45464058711465,0.91
40.158888088999376,18.06181420312275,0.57
54.41298377590904,18.842861915247376,0.74
100.0,26.231668823219152,0.91
44.99856088006806,20.60154467402511,0.63
91.59131069513376,24.94720027201468,1.0
40.81559850461817,18.28935496060444,0.54
70.86361390887483,23.116606728066404,0.82
55.36312290198978,20.880544782056138,0.69
56.997547949899726,20.444877808596296,0.71
78.56853336334324,22.916516745037395,0.89
51.6277031715,20.884757332570278,0.71
43.9622182228294,19.48056571310211,0.67
76.3322454434872,24.464988350473497,0.78
43.97634302746838,20.238004869612627,0.66
60.9290972803497,22.522627465646405,0.68
69.55418326704168,19.73588228650957,0.83
90.14674115045568,25.395705259794344,1.02
69.85656817207033,21.288702670429696,0.82
68.3793439949505,19.65811327879606,0.79
78.6823226218637,22.821327244685214,0.85
80.85899792696262,24.158771156725447,0.88
70.87555027049866,22.31445790990708,0.84
88.86657473422692,22.91093565934216,0.93
69.31250642108184,21.379488371200274,0.77
87.7626969030262,24.568542822255203,0.85
61.179645599982166,20.89958050283188,0.76
53.338921973736085,22.434438695903324,0.71
84.25695213369372,23.208054683241045,0.92
59.32249826390055,21.753315802662797,0.72
34.209729654866976,17.554571446579754,0.48
42.22410067963842,19.103713950788688,0.54
59.2176719243929,22.507034425489028,0.77
65.01234095781048,22.154025461735632,0.69
65.94244224686001,19.946276191245243,0.69
46.78208417274499,19.3289159967151,0.64
37.125867609428354,20.090590822058275,0.5
35.88337546438762,17.20862819040784,0.57
57.43508459958004,19.43751619071137,0.69
89.3316095194473,23.282784261650395,1.07
73.42684460460661,21.778406972618352,0.77
96.72805117806293,22.813129642818897,0.95
17.574909878603535,16.756726069270066,0.45
95.4279152456058,26.556010909178763,0.95
77.05529245070693,22.182254127671094,0.9
68.9836063210434,21.88360870171965,0.76
61.857757191857786,21.3626675007736,0.71
61.80084755875871,22.396583337127165,0.78
65.6717771109879,21.14058777623378,0.8
54.524563264608815,19.145502952041014,0.71
66.10718801199467,21.0409454388432,0.77
61.63599767080227,21.92738869524959,0.72
47.30745160213585,17.637810404580982,0.71
76.70016213789391,21.49841035684576,0.89
50.6878930631469,19.683015557008414,0.7
71.90682968824306,23.02373870835149,0.72
81.73823150985115,19.85933441652999,0.81
55.95272462202017,20.01502043238713,0.73
38.04247685378963,18.23841707947308,0.63
48.583880249924746,23.352999811452857,0.65
67.55533299457996,20.85272351199577,0.7
95.23736861037924,23.52363318811221,0.88
51.812664730250354,17.915030300832957,0.68
49.52323067390783,19.06180119951649,0.56
73.83823844231256,22.200112644123696,0.89
46.804260327682414,21.113189522714,0.58
57.73863140368178,20.03898128716501,0.68
32.074900562225906,18.370893545980387,0.47
44.96394999119112,21.30635776333849,0.63
80.98299983176422,23.67701065063747,0.88
60.78515230860676,19.676984838044056,0.72
73.70489727089384,22.00620073316753,0.75
76.81547103995567,22.208857344577417,0.83
84.68911039847427,24.01477529854098,0.94
78.0258459535256,23.77573407214337,0.8
48.53240286491844,19.321465858026407,0.7
57.09956599156854,20.284191007087948,0.71
95.99186599017597,24.379287307117828,0.94
85.65247389950565,23.919526638176023,0.93
100.0,25.403774349425845,1.0
31.332541523041463,17.87063874150421,0.45
73.76566823929616,24.61159705328793,0.82
34.59793935847152,20.45247089000385,0.56
37.3974295872588,20.74737855940611,0.6
74.09561735446736,21.41195573862373,0.9
71.61122277790126,21.6045130530761,0.81
46.98753022165066,20.267547742149475,0.61
36.26532382114998,18.62807800852126,0.56
64.70189121370184,22.043668438540674,0.8
73.99113596587631,25.316324218430445,0.81
31.92650871082532,18.219008872052065,0.53
65.91517333235076,20.320595982207948,0.74
18.25500304795775,17.47179945960472,0.41
48.46794538795832,20.47761849940587,0.59
65.48924740028795,21.79063709632744,0.83
54.474740760131006,18.91436420338223,0.61
72.8268964376766,20.82704236569341,0.9
43.6362371384252,16.71271852951306,0.63
56.96846157747663,19.39963520042264,0.56
39.11235533929935,22.00105608664456,0.61
69.1398775910074,20.764474876444904,0.74
75.7648826311495,21.95028585461775,0.89
77.18848871835141,21.2230177703776,0.8
47.10526371796374,19.997851899604058,0.75
83.78705585935589,23.985130740582125,0.95
49.01844329815786,19.490392384672287,0.67
56.86015449094812,21.96675416047351,0.75
100.0,25.745701203928988,1.03
55.4353895015565,21.13919538242937,0.64
86.4251898811898,23.252825308788083,0.88
65.27458817869567,21.09280111356945,0.73
53.11247763420741,18.99190971524313,0.72
60.87132356640969,20.85808436026046,0.77
63.978981438099154,20.24608872673374,0.7
95.26826873697576,25.34038041538161,0.91
100.0,25.761353076217024,0.98
47.91115823329042,21.24397507989773,0.6
62.57136369790199,20.515121257149616,0.78
63.781894034414336,21.590589217654664,0.7
58.15615667931953,19.755516830808443,0.71
100.0,24.426049029868505,1.06
75.1979275524205,23.99386931887515,0.73
46.24950622267065,18.40557815703461,0.69
76.16799882959157,22.42434162580286,0.81
53.84070911565145,21.29108735913661,0.7
92.84727663727696,23.935628488659724,0.93
70.83954657825059,22.093632619253903,0.84
47.30648147090014,18.89911658533521,0.57
47.1950677245693,20.21578987217227,0.53
57.99299731980183,19.62474867114433,0.79
28.879875181067654,18.70224654551112,0.52
75.9241704534879,22.77114716061793,0.96
29.548632172689125,17.737613276151915,0.43
27.82140585919852,17.967551939088896,0.49
78.82996483128754,22.264806834493385,0.91
64.79655843614306,21.128465545343488,0.79
70.18406639878272,21.38453582178856,0.91
42.17902396352346,20.9978263130287,0.66
55.53211223933203,20.349247234612456,0.72
77.95666862807806,23.76283624269817,0.88
55.36973971271547,21.116497661971515,0.55
41.59894059979065,19.51000361147325,0.56
100.0,24.47779182888866,1.05
55.3654715833193,19.706200501604343,0.64
95.58577495911456,23.728324170358444,0.94
60.253964458697695,20.311310916427814,0.7
93.17467221947594,24.723783443478418,1.02
61.1361583059602,22.63704947100884,0.68
44.96452431573249,19.90367256138515,0.57
56.48288306197126,22.08045837001168,0.67
51.81925958258648,19.665826527708816,0.68
54.21733482827317,20.69451524954813,0.6
58.81260893027485,19.270968199370536,0.76
60.730627007552464,22.2773741971314,0.76
66.68396927839284,24.222402653278408,0.84
96.6423630059541,22.669747909478705,1.03
65.17143459848793,22.256726626731844,0.73
52.9955168561429,20.286990492792768,0.65
76.45983770022745,22.173724369551135,0.8
46.0830807741548,20.118730675555817,0.58
78.13776850459155,22.38521260934412,0.9
96.35237492449008,24.11064319615658,1.04
65.99913642356664,22.02941945571301,0.8
86.3711287695305,21.42961686321258,0.85
56.848028207653925,20.619066692729238,0.67
70.74386119413927,23.48827397740591,0.84
79.47196492565715,24.56244462767619,0.79
83.71721496959637,24.37554680331291,0.81
53.46660295140295,20.655356694316723,0.57
38.77652770195589,19.909516314352448,0.67
89.15683346461357,24.40792401149196,1.01
56.4364932432534,20.199260023534265,0.62
79.73764972308409,23.60068166057514,0.94
58.51481016254181,20.369463952507747,0.66
39.62508217829296,19.776095952609328,0.66
91.84901463415284,23.51417985154062,0.98
52.593325207121126,22.132252474778195,0.67
30.24186474084334,17.478871627080153,0.56
62.75182843282384,22.23239695187012,0.8
49.399164441979416,19.274063722748256,0.71
82.49697628238837,25.81480883012696,0.94
100.0,27.96524820976037,1.03
54.695845643350935,20.046691090907668,0.65
73.46465418815112,24.291127733445386,0.88
73.357369899854,21.74556250419558,0.83
81.63163438663068,20.677080259851195,0.87
84.76687240081469,25.04601942688608,1.01
68.2112422072179,22.066505486150614,0.68
56.19196474628508,19.721112622234585,0.69
74.88692785263392,21.743486938975792,0.74
81.6227334309196,23.819091521805102,0.86
100.0,24.737219827737547,1.01
73.34966906571331,23.93618616775059,0.9
55.35286968404982,21.610873396730888,0.65
86.3546295669195,24.96979082011405,0.93
79.3921119043008,20.47711319648016,0.87
44.703733758273046,18.295357257081417,0.68
78.98594356933833,21.983917765480477,0.86
42.95813022201325,19.128326023274933,0.6
88.52273257411412,26.407176262668745,0.94
72.73488910187552,21.5861562473641,0.81
62.6917792841313,21.475408858187677,0.8
56.488522429704304,21.51671678575269,0.74
89.72405126923509,25.411924844012205,1.03
54.4417341624286,21.32985374433508,0.68
73.7805297112464,22.854537464050697,0.89
77.0742729293992,21.570122408306112,0.94
55.80776239520559,21.752954376702064,0.7
63.307575780905616,21.192902973248124,0.66
74.66723704733128,21.71081109041921,0.89
70.7804685005211,22.63119135959541,0.9
80.15354236108006,23.12393472435985,0.85
71.32304078703471,22.486372902068133,0.76
27.624851333172785,18.92692625149131,0.48
44.80740035436147,19.20437758086609,0.57
63.98483417816618,22.07369389467785,0.7
61.93833288055444,22.011186196481606,0.7
62.57851673884133,19.95055908453084,0.78
62.79423132363438,19.3811838544932,0.66
70.25860950653055,20.01249710971851,0.81
72.85958322997219,22.70256793431264,0.79
27.587604267411784,18.95411906321094,0.46
61.30079634696421,20.972397404958365,0.72
62.33656519755573,21.84687889321205,0.87
100.0,26.04662400617533,0.97
75.6367804006033,21.590710270002425,0.86
52.2827072310493,19.90040452897882,0.73
50.744713939269005,19.26717519530169,0.61
55.183681265371625,22.25430777492076,0.75
95.02077430534204,24.485136617117195,0.98
75.96984925988386,21.13486572227557,0.83
44.15498103157775,18.944380435042344,0.6
56.34931154403807,19.34028214265336,0.65
69.12971063853364,23.08180478088921,0.83
43.08159982384879,19.510560762741317,0.52
33.294391725422734,18.5941368954175,0.48
69.60297714675764,21.304811732096717,0.71
57.30504218887956,19.72147625233273,0.57
75.2398436323915,20.7557505052792,0.8
37.74665603041072,18.805754156912656,0.56
53.56851073062383,20.1891532667493,0.69
70.57265333504927,22.61829178015404,0.75
71.94947574702664,21.611635625342373,0.91
79.49399206777417,23.896282698721745,0.92
56.21624145438592,20.61154652725377,0.59
64.54064872694457,20.79038722698692,0.77
29.026232742594672,18.94410058680793,0.52
78.83833396507163,23.58766086877852,0.81
54.34828274079792,20.48783884469544,0.61
70.31214590791924,24.447970514589866,0.7
75.86435371883786,22.047275650365663,0.94
70.00779974944598,22.15137068009047,0.9
53.31974954832295,20.66235193120612,0.62
28.49856555478621,18.268050020759,0.53
48.89486710414265,19.20404440098997,0.61
84.95494779081372,23.622112324729144,0.95
57.71835205315105,21.34959875781558,0.59
63.70236834177626,20.86930868316206,0.77
100.0,27.001910028651626,1.05
91.8314150672448,24.67622547217665,0.93
51.95301087727345,19.63702282586764,0.71
90.41472107842232,23.30905392625296,0.97
54.85379494047171,19.42486841044068,0.66
45.319738813952,19.086519903063472,0.64
66.51202259800972,23.23262532123675,0.84
56.26196796988072,21.66657067562437,0.59
82.65479368534382,22.87046385128342,0.87
37.05514372702199,18.273281797526696,0.53
83.35274101127041,23.221258647958702,0.81
61.777917246083646,20.6948248471352,0.79
97.59039840592104,26.36036253929835,1.05
83.97371273842913,22.950209998881355,0.82
60.63898748751164,22.309309927986323,0.76
57.62740171461951,20.15782469192133,0.78
52.2819748457664,21.008961109698102,0.66
100.0,24.46525582473959,1.05
67.58234394286625,22.969038883951328,0.86
71.55700558093368,22.57530193894006,0.8
92.62706339380487,23.452932148682795,0.9
85.75348291592772,23.686193453554683,0.98
100.0,26.523803175322733,1.0
33.56873330515174,17.852719919035515,0.47
55.42529407052581,19.5859977573439,0.54
100.0,25.64341797400419,1.02
51.995209828337565,17.963296515031647,0.55
88.65952686866166,25.99530036507032,0.97
84.0676060867953,25.06651833664293,0.95
31.591791651568748,15.799574321804918,0.49
63.88981277001257,22.415207962222183,0.77
89.13097710443523,21.564520473098312,0.93
42.47863099531473,18.009870557364383,0.53
61.33939284991359,21.653884422993496,0.68
58.03404326632596,21.09822656255432,0.7
72.22423022720182,22.27164080810147,0.85
71.44489031595064,22.050715047602782,0.81
85.76810557452906,24.89876546523585,0.81
52.17430048943229,20.789359691227965,0.69
79.4449646893829,22.18546411033333,0.82
83.55183800078356,24.25329725553485,0.91
62.66172224357338,19.9932605223582,0.86
51.55629122527868,21.099984452135487,0.55
40.82988082619357,20.71951418340639,0.6
85.45041444854246,24.03419941825819,0.89
66.33809514771032,21.65592533383639,0.9
63.2456992932943,20.82897744849016,0.77
58.43583860865368,21.8280320499827,0.65
42.48177003051869,18.173542170452347,0.67
58.868336071478666,20.1552973573502,0.76
27.680468854878328,18.37757999740502,0.5
29.881227516750776,19.397679086375074,0.54
54.93424137168963,20.75383706935932,0.74
58.85398945061903,22.22555901047725,0.73
75.59405682376638,21.70626764819951,0.86
73.12629352196984,24.240432079390413,0.9
96.71424148800772,24.318791058585028,1.03
40.95165164888213,18.658723406678977,0.51
83.44721573480884,25.149169555982187,0.86
68.68805750120082,20.94884056623927,0.9
79.78719271428086,24.78386750176686,0.89
65.02717836654752,21.282399290789414,0.76
87.59051229568887,25.47282089991324,0.84
51.87087722812669,18.25338809570607,0.6
82.17210823216834,22.998113503260782,0.82
44.38822969554988,20.616744303490933,0.66
67.56801618588374,23.091953380070343,0.7
97.87790425836036,24.59332902444548,0.96
58.69288577591137,22.403461603070525,0.74
54.71518461348376,19.97326041252333,0.67
64.71799398377958,21.780106393635982,0.79
52.796336220687664,19.42132899688052,0.68
55.933287529961696,20.818878125502824,0.68
98.22805699577012,23.972864967476703,1.1
53.9535798272747,20.1349521510883,0.7
97.27272041342697,25.16598624388855,1.04
34.37787019281484,18.779813832037465,0.53
64.33615650016093,20.77834206191825,0.75
66.69838623352088,23.01238746263584,0.67
80.22010898110061,22.5452596981046,0.94
80.53919351174306,22.786782282403088,0.83
69.03478127177546,21.949602275627733,0.86
71.11995688420757,21.34186576960158,0.81
67.71144108733674,22.26724991008684,0.84
71.02114358561268,23.07301298463633,0.81
58.86771532610832,19.428904353579725,0.63
28.15743346775377,16.85403210006666,0.48
92.1197870049847,24.26206577497888,0.98
48.17540197255151,21.123964001007863,0.73
33.28113044894,17.228990527412066,0.51
84.39841293925029,23.087454999292817,0.89
48.49654078281964,21.64348778308317,0.66
46.62960154786609,20.48052839608961,0.54
65.27669803044442,20.672889049966447,0.82
66.78558360386077,21.67208687409025,0.75
80.20887473966816,22.75881077189847,0.96
81.8677902597862,23.676755181412474,0.98
51.2672296775273,20.70382446048404,0.69
69.93367220254588,23.345609442829662,0.77
79.64388025606735,22.07012131790953,0.87
79.55407172239939,22.805633982276515,0.83
86.71259851256335,22.88445439917672,0.92
51.31919544668353,19.04178010429377,0.66
43.57182532405323,19.92428960673452,0.64
59.417510509436426,20.80085699349558,0.76
50.22748035646036,18.22939082503452,0.64
56.09872208353264,21.10948618932319,0.68
74.14470620453965,21.4967971948806,0.75
25.848756535906887,18.0809956395183,0.42
50.38274733400616,22.30068707861978,0.57
89.1471709104433,22.950603154805812,0.87
57.34692835795058,21.81145052474884,0.67
31.685826236419445,19.233703340476623,0.4
67.79606297550383,22.662023306368425,0.74
52.89388105538498,20.74060977060472,0.74
46.34598572967244,19.620450969916973,0.59
42.814016055317566,19.99247845768052,0.68
45.59342708904889,19.2996773963944,0.58
65.57213326634728,22.040755714862104,0.73
55.74691188560668,20.76850887235929,0.74
83.55869850917259,21.375058611525475,0.96
96.76819353689754,24.77160179633836,1.09
37.24680473712604,18.858248226955663,0.6
39.35179521883588,19.50195620804946,0.59
89.04475629127037,23.23367254487439,0.91
63.03923119588463,22.49348717472464,0.73
83.63550936173056,23.252547281558154,0.94
76.01020462568975,24.236845306274304,0.84
69.47495826677248,21.11961515262677,0.81
78.84341696910934,22.209759223247747,0.83
83.67129597244254,23.967517664680987,1.03
57.12581167211013,23.06836597190937,0.71
67.82874751237668,23.35351335240722,0.7
55.69797498617474,22.664963719278056,0.73
52.33062193080359,19.988667987571976,0.73
59.9687404212752,21.042347626826537,0.83
43.12517819076821,17.03547234116226,0.66
85.44740540893751,22.75239517129751,0.97
62.228296414508485,22.170361351034984,0.76
27.80315050991993,17.100146835593414,0.38
64.82242862015433,19.51006522149294,0.68
60.827325059462105,21.85148550080827,0.81
38.05446212090957,20.25126320786969,0.54
12.125007907997473,15.286757816977202,0.44
67.13660898083765,22.100529304222693,0.76
54.38444937830854,22.14994469427448,0.7
91.37727341302823,23.11244703496901,0.88
27.081932206966517,17.632810373081984,0.54
44.0997476614621,19.54011427425813,0.67
86.0688371157746,22.58083690280632,0.85
84.70831020538051,24.194462572577255,0.99
45.04097164512864,20.702676971777525,0.58
82.57539210710209,23.416374003071912,0.95
64.693824236382,23.71170146223972,0.77
44.662189865956776,19.854119549926303,0.68
44.53328639465092,19.177527193316216,0.54
77.69027295081055,23.2595778834715,0.86
63.974352687964426,20.37402375658597,0.78
81.84999984940889,23.078221901179063,0.86
72.63447337721138,21.502808236738343,0.74
90.4991938765616,24.520070863466373,0.93
57.39387599262606,19.22385095325729,0.63
61.28604061248458,20.107277705323146,0.85
59.493818306705975,22.903943885511342,0.78
82.5222523679727,22.011112976084963,0.88
88.20846295354696,23.00297193130705,1.04
99.50390844919951,25.57290681604529,1.02
78.44215906526615,22.175471273145337,0.88
58.29266976287109,18.70760350371611,0.72
71.50072483518902,21.68679406591401,0.96
40.39494439538121,18.615537474654342,0.59
48.82788908913189,17.139615465251552,0.6
96.5523120209698,26.10042588060111,1.08
90.50723916397382,23.605450029549026,0.99
71.74389374811375,22.783823456320206,0.8
85.32222466446613,26.0743962299838,0.94
45.14592715097102,19.697868675711277,0.63
35.469566616646986,17.9985480024235,0.54
60.17996364649889,22.740912411932506,0.72
51.76604934455219,19.54674227723019,0.73
53.46306881981364,20.742394210087703,0.66
63.82887425538692,21.305541875829704,0.77
66.39798215712145,21.272883487337875,0.81
36.28042715687389,18.76689638116854,0.5
31.89545000637021,18.21001989168565,0.45
30.645030227239587,19.2355402636122,0.36
74.20291396037561,23.63272729383976,0.8
49.72660891657655,20.32833317884039,0.73
81.59258466111362,21.08490236175628,0.96
43.797659811361534,19.589513949648577,0.6
48.31729528667364,20.46924807635529,0.58
64.11947921006552,23.32076033706639,0.76
83.73908866124916,22.54882506519146,0.94
88.5630632130734,24.40808700870262,0.95
72.755807478401,22.30275496977905,0.87
33.51511561606349,18.37945745110816,0.57
44.80902277654061,18.737841055015828,0.66
73.59607022238222,22.23712923068355,0.82
46.70496333985859,18.82548445432617,0.6
50.506303818639566,18.18646161871329,0.61
49.88844138416814,19.75425547532501,0.56
63.098790788217975,21.336196861703595,0.72
58.63120464536132,19.82139133973892,0.79
34.341885871159775,19.688030715962967,0.5
79.72402512118053,24.27656397893605,0.92
60.55527175625197,21.29902798619364,0.66
45.86807465145098,20.60042474245574,0.57
45.46707499521257,19.17492760901288,0.57
67.96836872286187,23.136089728708512,0.89
43.1861338172109,19.772029077547803,0.58
93.18517983095276,24.071442791760344,1.02
68.13972487504137,21.1397900499687,0.76
63.69408242812256,20.266847744922487,0.76
58.95304208500539,21.536018406470728,0.74
71.84418934432144,20.403178274751813,0.84
76.95962361079219,24.40137097772324,0.84
75.12712058510687,22.8965608628496,0.93
56.30215056339621,20.145521776366135,0.72
85.93436508124327,23.67656204815789,0.91
70.28419543059607,21.362473100905422,0.79
65.95542719138106,20.3492497919497,0.75
73.31159697741577,19.981363314057283,0.81
75.18092793694224,22.17334772530144,0.85
82.13151401736617,23.920439847769394,0.87
82.52557490781419,24.40997421214122,0.78
90.26127223882256,22.17792181592585,0.88
10.41104034503016,16.50895262076576,0.46
55.25180535580133,21.359817862016996,0.7
75.22694505325704,23.21042641178397,0.89
75.63299586815637,19.554187406148625,0.87
76.91393502241075,22.20919782038902,0.84
52.46889982411761,20.81931178796788,0.57
80.18068036538192,23.428339518514196,0.91
48.27243512298527,19.351993176784053,0.66
77.97589592602543,21.660175880810836,0.75
24.324858242092816,18.087920915608084,0.4
70.0136222986844,19.762883067715677,0.81
41.34819076773741,18.75312638552741,0.52
55.67298159148422,19.71984630522839,0.68
100.0,26.75627445595717,1.04
92.71952703544052,25.30265541560504,0.97
70.79099125562878,21.936965324599345,0.77
67.03478439920904,19.72153198676182,0.88
88.02289978067819,23.794072049035563,1.08
79.88254058543261,22.703746403445727,0.9
52.487529744547246,21.09041169165737,0.74
83.1192070002495,24.001919945202545,0.86
83.86139555854055,24.06745729756981,0.93
97.4946346233444,22.211353499631407,0.99
60.620967818784585,21.8975447689041,0.69
51.64488344199343,19.990861982771072,0.68
78.81015845952427,20.960563796676176,0.81
86.29618070188273,24.716479826324356,0.89
73.58223508037673,21.482061585449863,0.85
50.00924895710882,19.47690342203944,0.68
41.898844461392,19.970813527732467,0.61
72.09124991988769,22.96546556825897,0.79
38.58801120069651,17.20450739220558,0.45
52.32435780776255,18.00599654546592,0.64
98.2345098400404,24.104618586565127,1.05
64.50612673593002,21.05499415028968,0.82
98.4893482928705,24.33590061415486,1.01
100.0,23.77444071905374,0.93
94.12332559442676,25.197283877526115,0.99
58.43624978301381,19.82576888641573,0.83
80.77505211932065,22.084874020934844,0.93
36.01354620921355,18.273182699043936,0.54
68.6078080828938,22.56581367101532,0.8
68.54781347033126,21.54457899224517,0.81
64.7710808541764,21.29968752756413,0.82
38.59714674366572,18.61674502529152,0.45
91.73785390404969,23.479503273641143,0.94
75.00745454594515,22.329563107757934,0.74
56.67183042167146,22.09809324873698,0.78
66.58423714075731,21.681468379185773,0.71
84.46216100201943,22.845031181151672,0.87
55.5776266053274,20.810235045904523,0.71
13.020882656394662,18.13078776664909,0.42
46.94685163219405,20.63917368729709,0.57
56.38467784637984,22.401398872937765,0.69
56.56691420627263,20.681752275026348,0.72
26.18868882999402,16.679495089854925,0.5
97.515213493466,26.11809179013764,1.07
100.0,24.354976394255885,0.94
97.87135897047732,24.766348551214914,1.03
59.48257634082373,19.735035896469423,0.64
40.68609179369197,16.691275312953852,0.48
95.9164192764896,26.69707192421486,1.0
69.468842979383,23.20216511840477,0.74
84.88334247603373,23.031747391809063,0.97
73.43665373146571,22.73867136465737,0.94
44.001029403683845,21.470800266183492,0.59
51.388240038788176,19.45019994469096,0.72
79.04103596180434,21.500357780427283,0.88
63.63605636745864,21.307645885742684,0.82
74.81670501220081,21.102519624259028,0.85
73.60603980979974,21.76040489311476,0.69
74.38114587127595,24.59218631206061,0.9
58.44483956080989,21.22730359050435,0.75
62.14713309664084,22.064650302874558,0.73
60.93953531233816,20.13437302611884,0.78
67.87207912548882,22.703196703363027,0.81
63.40932503301198,22.56950250011659,0.62
42.72452337280215,19.21654702340317,0.59
89.7998730905436,25.367454406801865,0.96
72.91660953662515,22.581459667583093,0.81
85.3913531736782,23.370526620544748,0.91
70.34363320204677,24.264716352724648,0.77
65.66294356109589,21.059866049455664,0.76
76.29143453327826,23.05123147643044,0.83
58.71475006577236,20.71812484743097,0.7
87.70995967644681,24.14391809311791,0.88
98.31237031618124,24.24727188061287,1.07
85.26592610670602,23.89023574340469,0.9
63.416410414486265,21.8995489909696,0.79
61.26030649651949,22.118980089616308,0.7
48.041912083166366,19.392394437348425,0.71
61.83760022577125,22.06842873830721,0.68
44.99676507360929,19.19031320700727,0.66
29.60301228991592,18.07248407695642,0.41
35.335929379191526,17.01773863455225,0.62
61.44340966096078,21.523368643895274,0.66
79.75037440024244,22.504137917766627,0.84
49.98171981159582,20.742256668447677,0.66
43.769036603931056,19.32812233941949,0.6
63.894611015982186,22.132823160406183,0.85
100.0,24.7745498977334,1.0
73.24663475582626,22.518473517849294,0.87
43.83421211178387,18.297964226953848,0.6
88.64384842401702,23.185242578664468,0.93
89.38163740531007,24.94219222117124,0.92
72.58599822413545,22.61336275581867,0.86
44.1923253146828,20.28453484140424,0.56
52.51044650541306,19.43705644635316,0.61
56.69096500056599,21.443059741054483,0.7
82.39411552240456,22.76847593570302,1.02
34.50405202588567,19.057865729275257,0.47
77.47420928889102,23.18847483605928,0.79
52.98493397994447,20.183928605794023,0.72
49.58568368615816,20.19223126972461,0.59
50.61990878999211,20.085585385654277,0.67
49.1112430171494,19.230030892129054,0.63
55.525141519147695,21.49641196086134,0.71
48.15322302026668,17.345697130760044,0.67
69.2082626475924,21.28779805449938,0.83
55.8484720163793,20.633691434774025,0.73
78.46846993417009,23.491905299828197,0.89
62.01636018249621,22.594480308164396,0.68
71.2699696566508,22.255537575534905,0.75
50.777797959085405,20.926382248722145,0.64
33.67570799973435,18.326278179728103,0.52
68.77458370967994,23.256382914190286,0.81
57.1234894915592,20.577672789704327,0.62
61.915346308935966,21.486434357945736,0.63
66.228396244106,20.51265955883819,0.69
64.53169638624495,22.53475405830178,0.73
81.48483523615583,24.192694599589643,0.89
37.41975678690773,18.419487159564785,0.52
60.73931208483533,21.481149238559617,0.69
40.52083725980189,18.559051678720596,0.51
75.89442295143976,21.655082359454088,0.94
68.7261516444747,23.05169199157072,0.76
66.91974411627038,20.070678060892803,0.84
62.60018498300395,21.060062164672196,0.72
79.20163106027462,23.32231573733776,0.8
63.866172708179285,21.840056027787128,0.84
92.63876449696266,24.234667533526263,1.02
52.4317373253556,19.91872121431062,0.68
51.85419769341738,19.576061077442645,0.68
58.75768149097904,20.80036032804725,0.65
37.98189076748306,19.18932614992312,0.6
53.743110804981015,21.61255945700448,0.7
67.71986515517993,20.972733087769164,0.85
66.2514863927899,20.321377638214106,0.81
85.71441693638425,25.24257762367975,1.0
41.723602192641565,18.159644609647028,0.66
100.0,24.13578113382696,0.98
44.922114776678,19.520441778876773,0.68
77.62964779563913,22.9998540360814,0.83
81.6296533534535,24.48484084973758,0.89
50.0923574862947,20.820015095833483,0.74
57.789535150244205,20.68004773911157,0.7
73.31066323248817,21.373556625643047,0.78
55.122676061786194,20.25240005330507,0.61
58.305376410904486,19.352573221391157,0.62
60.53030141951651,19.969788416895,0.64
75.73626612396986,21.63703670080478,0.81
33.60647486553011,19.129555464161196,0.48
51.02825840020677,21.037990985353066,0.72
59.466758079353774,19.47865073156254,0.78
47.899650649893054,19.235340792184573,0.56
27.93849527567457,18.629754463795265,0.46
86.26777397119548,21.030733685214702,0.9
88.64299977088072,23.919737201304574,0.95
61.50557312318273,21.347859817157875,0.79
91.13034317118642,24.201488601787243,0.87
71.69792185612852,20.64114969807869,0.81
100.0,24.410978941593463,0.99
61.217747689841296,21.389784615274586,0.76
15.193397415317731,17.421772665323388,0.33
67.5345139194853,22.53016545490216,0.86
43.83430372935416,17.940468216165232,0.63
98.14894777233393,26.287849619921403,0.97
100.0,25.221697855982555,0.97
77.42353337394671,21.565441777749,0.79
46.49503357296609,20.06083694299391,0.68
34.5324464447489,17.572279889292005,0.46
83.94709753419127,23.969800083677946,0.89
49.01276330766903,19.544500872932662,0.64
79.34002598843249,23.412376654604337,0.86
85.93412383533759,25.260611264535804,0.88
74.42662241223454,21.72683310025675,0.89
50.54918495630993,19.718635555138565,0.6
75.70622479026561,21.853536879985224,0.84
78.00843390651583,20.425804044868475,0.81
32.607457773336044,18.047697303224066,0.54
41.31937645855381,18.91791295406713,0.65
70.59398147944367,23.964013760012627,0.73
62.40071665433544,22.48878879964531,0.81
73.55404994733686,22.33735411961696,0.89
55.44841473167388,21.30474841177856,0.66
100.0,24.965918204572105,1.03
35.764050256844705,18.42460821923838,0.56
52.307764005523154,21.051740116060184,0.59
25.00057136133075,17.41030040761272,0.4
100.0,25.20196528649653,0.99
96.79623678168532,24.179650539440296,0.97
55.63063863750412,20.336839672272664,0.72
56.58305831874609,19.443463540962103,0.78
77.60230675502528,21.82730325556584,0.73
76.4936316927692,22.05410633311746,0.86
100.0,24.984673813374343,1.02
77.92312590859375,23.582495079051,0.97
78.36021789389082,21.00629515910257,0.98
43.00329927572423,19.18799987476525,0.64
61.57608298483771,22.11839360896947,0.58
56.63839655794794,20.902864546100027,0.65
88.46782550844014,24.651775306261055,1.06
49.01473203167848,20.146242144488948,0.61
64.13010901579987,20.314440918878407,0.68
90.03803683269176,24.093370843153057,0.93
100.0,24.682815315990503,0.98
51.90478898990792,19.772049449518494,0.59
82.0668054860821,21.88249858320023,0.85
71.27482369563832,22.058942687102544,0.8
65.35398713232046,20.74297245806175,0.87
64.04746016425935,19.058937961641767,0.84
43.93731240887689,19.18272023168038,0.61
88.07415077444855,23.37715631952349,1.02
58.294981965685984,20.70154910928044,0.66
53.95920608442677,20.417163834384933,0.74
44.21519459436807,19.991720979124903,0.55
69.1947667513061,21.81194799405844,0.78
45.0518325596102,19.9983580506488,0.51
45.50405961683266,18.19957012080181,0.53
25.6703313385862,15.9395227691056,0.37
75.26864758986507,22.86549378780538,0.93
90.62158714825324,23.14546403539795,1.02
65.23935570194116,20.9617232780112,0.83
39.41131232618432,18.93010540035278,0.54
35.589037604998936,19.00350350962439,0.57
90.67671991759308,23.41145116959927,0.95
36.68743368652049,18.125840339037158,0.65
74.47045067644353,22.77569510713109,0.93
18.95181068517492,16.26447282267421,0.41
54.89751801510217,20.19800418509504,0.71
57.52169975886463,20.37706250293812,0.6
60.69118941678608,21.01069124876456,0.71
64.33808103450781,23.43778344395527,0.8
76.16699219515019,23.463027522634665,0.9
100.0,26.42494243561221,0.98
88.84006572886526,22.46159204499805,0.9
50.534436733231495,21.884344150768392,0.62
78.84027460269174,22.25620810827183,0.84
71.35275804467159,21.360982203025344,0.83
62.6062047728091,20.123988828435863,0.71
76.24770640075687,23.85155708539071,0.86
83.60651995402078,24.147954432820505,0.96
92.16939191886148,24.09802374424433,1.0
73.15397250077945,22.671629119004688,0.81
59.356511414122224,21.991528400660076,0.75
94.81253413510558,25.10192688363345,1.02
92.18493173850352,23.0250253815122,0.93
82.04419296252364,23.508988253343585,0.96
57.23267979610545,20.46415683490992,0.76
58.73263640770962,20.94216152898462,0.74
63.70348391476308,20.936700539357098,0.8
54.83495613719882,21.81786603069141,0.61
68.54384561449913,23.000820703640034,0.74
74.95350924855582,21.37402660381692,0.97
39.82722151472605,18.26274824565934,0.46
51.605262605965294,19.78600076627655,0.7
72.90901790485987,20.821918072492288,0.92
66.48750652403325,21.663951009644936,0.77
60.194139494107134,22.15792059375731,0.71
62.63589223060402,22.002919147372346,0.68
69.90625228160938,22.251064200605487,0.76
59.1965846881025,21.14955638884385,0.83
47.33706177039947,20.682988886323148,0.64
38.73522246725629,19.086109524494137,0.66
75.19800460233157,24.45540497686014,0.89
100.0,23.985396445606128,1.03
50.05871371291974,20.320149571444254,0.62
49.48096321398299,21.063269619682515,0.57
68.19911972768992,21.91440331014734,0.73
80.21063857183273,24.93196193895602,0.85
62.780263694066925,22.600229920223708,0.82
91.3153712295498,24.106983460787216,0.96
34.780178899704765,16.970178499622662,0.51
53.31716953062292,18.475822999959533,0.58
76.67814283950669,22.769083885414386,0.83
55.932687136987184,20.18527532659889,0.78
70.698027487495,21.602896565471436,0.89
48.0188832387184,20.098368779990583,0.67
77.22641651177437,22.96101702207056,0.89
46.28030316276384,19.245288729704548,0.58
49.48528661462771,19.1315578469831,0.67
61.18977613814603,22.010899689017904,0.79
95.3239602405868,25.130374429670084,0.9
86.50795560953043,24.765763239845164,0.97
60.21631787045697,20.74773347614166,0.68
51.59937735067089,20.44423912289905,0.73
77.49392153540302,22.28359505076813,0.89
34.127757009715815,18.83346141360297,0.43
84.38919419317267,22.12004842880848,0.88
45.05953088023991,19.69126565871821,0.6
100.0,26.667898989732493,0.97
65.88042043404779,21.60128734932261,0.73
69.16190122360541,21.494166941309803,0.82
48.81369223655102,19.7196855510434,0.7
85.1812700870212,24.841142298880325,0.87
97.13371559053786,24.48709563950373,0.95
74.304929971239,22.8590487141262,0.87
62.51261002902773,21.9260223642978,0.83
76.46100664061458,22.67269831640281,0.77
64.46210651655562,22.720008823203028,0.73
43.30358612116176,21.122274378044366,0.51
83.13001447425034,24.507276156041712,0.89
66.73291844636474,22.645754300072674,0.75
44.84514045670352,18.46553000923261,0.63
40.03015551478301,20.478259835390823,0.52
49.26722941066757,20.65412754313538,0.63
25.764668193400425,16.451800938861336,0.51
83.91281257256527,23.661647628525916,0.87
77.39562968065559,23.20356195800841,0.86
73.54473294282164,23.96929582176903,0.78
37.6743354700582,18.7323679678024,0.47
46.60703956479036,20.10276357680034,0.6
83.06663244817128,22.52643379768558,0.9
40.47154716387813,20.975390307668743,0.57
14.532596666227548,15.97485751559347,0.35
93.43710896477236,23.641964877393807,0.93
40.15421105927091,19.20546313262003,0.47
100.0,25.80756579910576,1.0
42.74469545565516,19.56486091256796,0.64
55.813649903859925,20.050041105850905,0.73
93.41077149249804,24.138887827773665,0.95
28.611342497284696,16.484185267252702,0.53
90.19397240582212,22.22860624501484,0.97
71.68237746844697,22.57664220283625,0.87
49.9466346187934,20.209239884170657,0.7
83.04624318106588,22.826112880679357,0.98
72.83001094688682,23.40981218044544,0.84
74.54477658847952,24.12947214945877,0.89
69.3641824922769,21.287938192876567,0.89
62.54961248550855,20.592864930907457,0.71
72.24470355525214,21.46736520297384,0.72
76.84674340270671,21.80406782031385,0.84
74.14374437047323,23.196395938689005,0.91
46.55695518898371,18.80531998557609,0.58
65.38824727327818,20.48611025780475,0.71
48.92878777197856,20.0949469528114,0.66
61.50924613850744,20.626546430881145,0.69
51.03335624222342,19.90157372148198,0.68
55.28357472699153,21.24627953996694,0.7
66.90737481841862,23.50246575221085,0.79
54.49569516968536,20.516460465421023,0.69
48.27394162917858,20.840106953045844,0.55
61.845350890345344,20.909388060928187,0.85
59.3259354010168,21.49270267382925,0.62
54.97328697820883,19.82398835095373,0.72
92.29778875700094,24.223181580797533,0.87
67.31984434545612,20.86490371544884,0.75
38.79162714599351,20.37984553504598,0.59
67.50581991359688,21.500884620001024,0.74
73.35696684008127,22.788889967219827,0.8
57.00279394831739,20.797459701660696,0.66
44.08678329743931,18.159399791331715,0.59
92.25807049627792,24.3027999950613,0.97
100.0,24.886151081165444,1.02
49.33231226761528,18.84401551935237,0.6
75.18161169519838,20.628391371975912,0.91
45.12058759818103,17.676152002912062,0.54
97.35538153386446,25.519035228293497,0.92
83.38956119315668,23.34394991473382,0.87
74.99752731968256,21.046438377051057,0.82
76.34265398959036,22.09785005243236,0.88
67.43930397364772,23.83123789974699,0.76
69.24116522161292,21.55786671176117,0.86
86.01784167352004,24.772271553967396,0.9
59.750834907740526,19.496330068747,0.78
64.36911248424379,21.029055922635067,0.71
81.55919074463125,23.23294712177571,1.01
68.40470893205065,22.04825899002753,0.9
61.59785015521928,20.678498404242102,0.68
89.73826968981689,24.13433940092225,0.89
70.03924228365669,21.643283367700025,0.82
38.13632330697911,18.559676142192707,0.54
33.77726276436096,19.60711826296921,0.52
72.45852538133443,21.024555684667277,0.82
19.151724433449203,16.209334299120517,0.41
53.84413250758772,19.07151176424868,0.65
98.11778072703348,24.508799754710985,0.96
53.1694784862665,18.923694315486408,0.63
78.6696353463096,23.898271095807555,0.82
94.27246965456912,25.37245524133841,0.96
79.56327317330704,23.48193163066659,0.83
64.15467341398802,23.20329945824541,0.79
73.35778000880775,21.36603047752674,0.85
70.22653688557004,21.311189640914407,0.81
100.0,23.61382096442182,1.04
42.49942806365718,18.43439113448874,0.62
51.15566334385375,18.380042707017694,0.68
49.36479298548764,19.113680842146344,0.59
73.0161632678718,21.917098109842485,0.89
99.61860048341396,26.24650509372184,1.03
78.96111262727138,22.578451165698954,0.89
61.87375990284183,21.00695671804916,0.69
58.71242633524495,20.733529747080052,0.79
54.63260371681424,21.461572446427663,0.62
16.06987700086578,17.296610540947107,0.41
61.07479212881768,21.319603213166538,0.63
70.5453548629873,22.549211931064463,0.69
62.79482898674891,20.018501122690907,0.79
77.1078011159108,21.86208211859168,0.86
81.90149068598906,23.48995020200792,0.9
44.70997778583634,18.5298047483713,0.69
18.989452239746758,16.205741725705977,0.42
94.53652383178922,24.60350667856422,1.06
59.62933584907523,20.78456947896328,0.69
78.44087280112394,22.195724854729008,0.94
61.69298475964331,21.440894123601318,0.71
66.54252853655908,21.06075424957536,0.88
72.23293346181553,21.054968617379856,0.85
80.21522188888801,22.53158958100055,0.85
81.9144306978232,20.307010300414163,0.91
42.28672592780234,19.312071982114414,0.64
42.58428194893618,19.74743500111195,0.63
60.04143820147301,20.59707450364152,0.76
66.25884881128178,21.30331515790436,0.84
76.10074537352706,23.07768944314151,0.76
49.9298543417045,20.60247162596464,0.69
80.97691130643466,23.0141532251416,0.88
70.09864004734021,20.6765295376042,0.76
84.2292502598199,23.24902297219723,0.99
60.4548247064351,22.063816886731367,0.74
41.38514356135752,20.42131168817605,0.58
38.67228615881429,19.21365668916551,0.49
82.7361634139567,22.54689040323349,0.91
82.64194747507733,22.920927581297978,0.96
100.0,24.36878757168842,1.04
69.59278520903285,21.43446121337649,0.82
69.3978850303122,23.663935168627425,0.73
55.86338792238273,19.513753792085616,0.68
71.99402491716666,22.454275278399493,0.87
74.63118435745386,20.91865462176317,0.72
61.3903374691838,22.02622314282243,0.69
98.60572302399216,25.70628385732518,1.05
86.7199243838752,23.69546012241956,0.79
73.44533447203781,23.47607693276585,0.9
62.10202517010528,20.35606033728325,0.71
68.43892368618842,21.338226870031885,0.84
94.24047320435346,25.0807794528099,0.9
54.8936886533012,20.74880486846013,0.71
54.822123623591104,21.05589108093339,0.69
100.0,25.529789296371945,1.01
100.0,24.180648930192227,1.01
60.84829931023724,21.57096871656372,0.76
68.6606285262824,21.132500166039367,0.79
71.47432843134978,21.714676692439276,0.79
53.4965938271744,19.42033606076177,0.59
100.0,23.64357008212873,0.93
57.94823939631642,20.50230962678036,0.67
40.02459881443326,18.932506476105136,0.42
54.47882779058399,19.48908941402622,0.69
25.836913457215665,17.849298380367646,0.47
94.44047672195596,24.108808172258623,0.99
100.0,26.20764323152967,1.04
59.995569073355725,20.244146892552298,0.69
40.53367056316792,20.007726367567106,0.56
45.31695612863676,18.677247785049964,0.65
90.8752396028718,24.65283151914737,1.06
100.0,24.76594274784781,0.93
82.47743876979162,23.256997688233444,0.96
51.03859526505451,19.235733117016675,0.65
56.06870443470889,22.09060467628729,0.72
23.589432020679283,16.793696827966656,0.44
90.97760678271015,24.22286738303576,0.89
88.82024683235662,23.54067243054774,0.92
84.74295413078232,23.48899521831743,1.02
21.563578568586088,16.742704754245086,0.46
21.659209698213743,19.028293432297712,0.45
93.1157876186077,23.486393715199533,1.09
65.03124842983509,19.987035724785123,0.72
66.6025191310956,21.859694967754937,0.76
73.22758970112537,23.117294964697592,0.79
80.46003979369591,23.611381437577847,0.94
75.5073457744726,21.672139408943305,0.8
63.346739848418174,20.43047091410677,0.81
63.32315377857751,20.69845496171212,0.72
27.69556797055622,16.21586745853688,0.39
56.915350718268805,20.418333822193997,0.62
90.90607350905636,25.49856252831387,0.9
100.0,24.86036827924269,1.01
46.26904795774927,20.63806719498928,0.57
86.81050130318872,22.8419893703516,0.88
73.17063158729972,21.76950847253093,0.91
69.31352179755618,23.068873256932715,0.82
73.4808154734078,22.96778454729595,0.81
33.9346360877056,17.71074619277083,0.43
84.58742379017664,24.42455107670164,0.96
92.17314109825128,24.74398433770929,1.06
29.72018707316457,16.933153285143725,0.42
80.45947301440229,24.136779696068345,0.82
61.76110922950746,22.780247471618843,0.77
87.8778268464617,23.87329458759627,1.04
39.10742340689566,19.415289560627887,0.59
64.38425328428269,20.43542972200697,0.76
83.52657394994651,21.658000203410023,0.88
100.0,24.10923380453349,1.1
83.15496663720182,23.65151908481469,0.97
73.06023016629806,21.542568439419437,0.9
65.46878896227682,22.631602926362685,0.81
93.45861086991862,24.50462184631628,0.98
79.88213676550893,23.472079853370023,0.85
50.71708343724464,20.74775899534151,0.56
67.95677892192063,20.904392362711384,0.87
97.57601566059768,24.718382945082464,1.05
49.263838218878114,20.30591262713289,0.59
59.135087867324366,19.969538353678058,0.62
65.09249100209661,23.08006059530322,0.73
42.501334683277776,19.127493938672863,0.55
62.79220774123643,20.7707003391804,0.69
63.72802954388447,20.707134794290305,0.78
32.9394082629822,17.607449848109923,0.46
68.58551086540878,20.857812213736235,0.84
100.0,24.55223923632427,1.05
38.175918015075496,19.61607909721894,0.63
57.472130575380405,21.288975253294023,0.72
80.73451368660862,23.51435254057173,0.91
92.37100217900914,24.68693509411482,0.93
100.0,25.22354530153362,1.06
39.69049292346482,18.34064073131516,0.57
49.80773335511613,19.994535919742265,0.57
49.061372587703566,19.879200825700824,0.68
100.0,23.988398266571625,1.06
82.1670565593524,22.05356966780712,0.96
72.70247856999944,21.13450410001664,0.72
35.24714750434001,16.828206253082637,0.59
73.42947359398204,22.0057224855605,0.78
82.07648107918186,23.370648453934137,0.83
23.307472330121392,15.605022502855132,0.37
87.92246929743033,24.294332166304777,1.02
47.24705602075469,20.38523767858896,0.54
42.87754653698276,18.654428225235183,0.66
50.82079343188322,20.366545386571836,0.58
65.77733552808832,21.82306948822026,0.83
62.750640175214514,21.188477464150505,0.75
26.8161726051478,17.642402253796714,0.39
68.02520681861077,23.347601332738066,0.82
64.14137134531371,20.70422209951798,0.68
69.18801088026697,22.331827811057945,0.73
56.94774485673935,20.027126090207386,0.73
58.45578888951478,19.9523023577407,0.76
100.0,21.55111151311661,1.05
50.94018015427423,19.17236309979408,0.74
42.35519366231364,19.438234427562165,0.52
66.69462026158033,20.44254527817409,0.76
87.99629933796597,23.78187976846639,0.97
60.14368780627685,22.23547198575313,0.75
55.783094641659645,20.734276800095824,0.73
75.70554980911515,21.4800911954235,0.74
56.815965920604064,20.27087406555932,0.73
93.41750635348674,23.56101748982732,1.02
57.38626556273385,20.49798508119379,0.82
37.08905356996303,18.76575943130519,0.64
59.53603549084106,21.23060313287064,0.8
69.02558535109033,20.83684107087937,0.84
21.364462282564595,18.07113827136217,0.49
49.14733361065409,20.2312639185146,0.64
82.4508338718663,22.229601156095683,0.84
45.970145350102605,19.82279833819793,0.64
66.18273191634584,21.983656951400867,0.78
83.33619472248806,23.972048546424112,0.93
55.5326071959341,20.75994350094232,0.69
94.53794815304312,26.15478546496492,1.04
68.59909340673623,23.37384948563241,0.68
76.57830822055843,21.119619790273894,0.96
74.9531868848322,22.552968418053464,0.85
38.48189596979218,18.61672997742053,0.58
70.33998525901262,22.48217002347745,0.78
82.27167369428679,22.74656885342434,0.87
75.82084189691913,22.21017107975987,1.01
61.03835044696602,22.491878679347383,0.64
79.93253291506578,22.35289196601117,0.95
62.56101046252887,19.692752493918675,0.79
69.66251905627199,19.90015394474324,0.78
56.17292889637727,21.572283878927657,0.7
69.79544543845728,21.23353474386164,0.86
64.23069192637179,19.552318101467588,0.84
79.26230964042038,21.568252773126893,0.84
50.03006785346113,19.627678369609225,0.73
21.337253166673506,17.923385393380354,0.45
76.20128135492743,23.036366413289493,0.82
62.12056028200965,21.76598947744765,0.7
26.140849752306337,18.56478115575714,0.42
70.72957375563553,21.110052704196384,0.74
70.51249223379006,22.75393303980771,0.78
95.66464322355026,25.970122565974187,0.96
62.662345338684645,20.89864163530418,0.78
39.734041675872405,19.88578749300773,0.63
36.3854011075165,19.29083235303435,0.47
50.59604593706293,19.85399466859423,0.63
76.55399847755976,22.649437303976416,0.88
62.86002330313358,20.75285494181641,0.69
98.4745156821239,25.27547810812618,1.07
73.465519011763,22.421094460130856,0.77
39.78564035798463,19.255605195532983,0.55
63.02963057787173,22.45954371105752,0.87
66.14650131434578,20.887440918387394,0.71
67.52325979265034,22.28367296790891,0.83
74.01950730136575,22.91753923672768,0.83
75.69316731435636,24.696854688175257,0.9
100.0,24.676803244251964,0.98
72.99065279040904,22.49520308681637,0.93
47.525172110819966,19.602899980812857,0.54
52.78306048633682,20.06303250610891,0.66
51.05430811438036,20.354703896295018,0.56
71.15741051032252,22.95246767468512,0.81
40.90085029610727,17.762779935565867,0.5
57.308201020176455,20.355802128827712,0.78
52.95258603619209,20.67950643546489,0.62
10.0,16.25575753342427,0.34
55.37627445955708,21.025165567062416,0.74
65.2164104983867,21.113629931180988,0.66
100.0,24.30089993429047,1.03
43.63034836688012,19.506491248128643,0.51
42.39072677477076,20.066781226432557,0.53
89.14484489889695,23.49046051909274,1.04
49.20163844707782,21.086982348369137,0.68
84.03149833927725,22.587699303851757,0.96
57.1522856516078,20.52336264678785,0.68
79.86343222044651,22.168748175822383,0.89
77.55647418985235,22.71943035249808,0.82
39.36357166132991,17.570934481481682,0.53
50.62792587207064,19.62760888509204,0.64
100.0,24.67880070325265,0.94
88.66413624287608,21.631701014287447,0.89
65.60511296524123,23.64828040534268,0.7
43.86678096374592,19.21686306581338,0.66
60.682205040212864,20.412507075720995,0.65
50.7108618718674,18.446207889934957,0.71
100.0,25.82560396801172,1.06
47.77763914572448,20.804270774088536,0.61
53.244445400556806,20.793889068271884,0.65
48.73627513320258,18.46142888340592,0.56
41.174766819504974,19.555820441169725,0.59
81.43915089628389,21.83171997249376,0.87
89.83208132455948,23.70738956052391,0.99
62.835871382762775,21.28707632286544,0.7
95.17762801539928,23.50651177585437,0.97
37.72879970493699,18.41096488429572,0.62
75.33541439182632,23.6215221330216,0.82
78.69537258847006,23.232631727204865,0.8
68.2053928650166,20.93404987750764,0.72
52.58672394357415,19.917099236480947,0.67
79.36525977791253,22.374115439361702,0.91
48.46574896291649,20.6661142314651,0.65
34.70287633693262,19.16701227032831,0.56
64.76305478738588,21.28137035098453,0.69
84.0760925951493,23.86695003493747,0.94
73.1539612129841,22.819040249824724,0.75
92.86902610264366,24.65399117153197,0.97
59.691027694104456,21.19582449297172,0.68
65.36070597750418,21.292193520333058,0.7
58.08140508629332,20.56717231994309,0.65
38.11916141644828,19.28809922669164,0.48
53.2175709203311,22.55569608489799,0.62
65.18033314895673,21.7760347615922,0.89
99.85609817063246,24.467413504889443,1.04
42.46632596126148,17.85486595333852,0.63
68.20176247579926,23.526729276841493,0.76
90.8252302663609,25.38126853617068,1.03
57.40076233347942,22.07078792644503,0.75
64.48425572525515,22.96812372296652,0.73
62.92043368963654,22.39760342783036,0.73
36.00247638778936,19.223662037612424,0.63
64.60051040519843,20.11034564789368,0.74
52.99222085406225,21.343831135166507,0.72
85.98708332672041,23.118126319503297,0.95
71.76355676876905,23.42060123181499,0.85
82.54742123581757,23.22018220228249,0.96
40.99318140941418,19.65008653843566,0.53
44.93343774869351,18.01498129371375,0.67
48.10847738066386,19.502522207703677,0.7
47.59401818756894,20.321577429953063,0.64
59.12020839639247,21.192191549486918,0.73
40.67535793479943,19.462536274331068,0.55
44.48597047184061,20.22399599459792,0.49
59.38798071674216,21.81010018333513,0.68
68.53687338202805,22.58671243506409,0.75
45.02035682509097,20.814183087321027,0.53
70.565581099137,23.19416161483197,0.76
53.27066441749598,19.545104824335464,0.72
58.68796631884525,19.711899214686007,0.74
84.51092809735864,24.279251111627637,0.89
43.9763003837322,19.23153726811949,0.65
64.75748208501415,21.537554995366573,0.77
63.685553308251656,20.770676285288506,0.72
100.0,24.387263033426954,0.97
86.64523933755778,23.16338377048922,0.96
42.02343466790012,19.039617708109542,0.47
69.46015683751631,21.34208301630964,0.8
74.61230755342453,21.104106875824275,0.81
77.18896178516559,22.061859667548514,0.82
61.57301915751036,19.42691273328251,0.79
84.44934398258249,24.13921015348436,0.85
50.95803125230521,20.48486493102092,0.65
66.92731239267424,21.317360156616616,0.78
59.895575367679584,22.031310641423847,0.69
77.04837512685788,22.49231757931355,0.92
85.35635003773342,22.71750100699597,0.99
53.66324141335932,20.41354774566554,0.68
75.87907156018662,22.9871721256361,0.92
59.12866380863062,20.585461723327164,0.73
40.13564291847781,19.71341681539667,0.6
74.35480466305353,21.604216683015164,0.79
85.94671632348268,23.55990719530095,0.9
100.0,24.81234111981463,1.03
48.73038511004535,21.005440455666683,0.71
59.4331488164992,21.55694669735092,0.77
45.163777580679685,21.26616978013626,0.52
53.21902037029214,20.97778578396001,0.7
66.26401768339304,21.687959706562683,0.69
58.23327995961121,21.371748457986115,0.74
58.79860192116556,21.12350878295589,0.82
90.39196924554372,24.759347417712583,0.99
42.82946778757552,18.30383914785768,0.54
46.85293227573822,20.025275941329287,0.59
71.70704676886015,20.850689126421305,0.78
100.0,25.385079401105056,0.98
55.07318299593869,19.88338273829995,0.76
81.3164963027955,24.47232167413968,0.83
43.081262245421,20.02960377752973,0.52
90.80440952746136,24.942595134651807,0.85
85.11072136803747,24.09226593718067,0.91
58.98110296230767,21.19988378777436,0.72
68.19892725241837,22.65064564854364,0.72
77.95237326380939,21.51694493976265,0.96
89.12506718375198,24.082861053327758,0.98
38.76127865610954,19.680334109306678,0.51
86.19335344842563,23.612863738097527,0.89
74.54583423627585,22.374403479867865,0.93
48.2773392475064,18.817786409292506,0.65
71.95529129853384,21.550052759066507,0.72
58.71331881158067,20.10435830176412,0.63
85.4769688203109,22.26473304138532,0.97
68.9180943883159,21.399321373435964,0.69
61.84596017125622,21.79328368911406,0.74
69.42000776992904,21.233930226115,0.79
80.42987615334457,23.003347152148503,0.92
100.0,26.10266177622988,0.98
60.87154657399094,21.90641047167262,0.7
93.62629745750957,24.23326046989043,1.03
71.06557185843357,21.895471944268863,0.84
93.30598139788512,25.753087731389225,0.94
64.25118198960514,22.585537300120528,0.73
45.346983430196815,18.981990938863863,0.54
35.942235605023086,17.14855397323955,0.48
57.98058935464671,21.983019674828803,0.74
57.29543110785332,18.77987442657633,0.62
36.45445853888738,18.63571108893172,0.53
79.83691424608391,21.77124169002926,0.84
76.64233889059653,23.345797477017395,0.83
75.2573528225307,23.098383092990574,0.85
84.44420733785812,24.75137867324834,0.92
45.81460940046483,21.346952165326663,0.65
51.01830298846593,22.050589853163945,0.69
81.59252632698559,24.43732609938068,0.76
67.59995199060612,21.875669778082184,0.73
52.55820847054773,19.388288189317738,0.59
81.44766532483355,19.49561200056027,0.89
81.45646882578966,21.668118380331947,0.9
95.94711765793856,24.67027678407659,0.91
42.14119201401486,19.606929679585477,0.57
92.4284820591775,23.912270790379115,0.97
46.57890504125167,20.45786235426217,0.64
69.28553198107748,23.902073350533914,0.85
76.33102399901918,22.15307039399193,0.9
59.899866157042965,22.217368787255957,0.69
43.09353260537942,17.27934913863392,0.55
50.644265281930906,19.41439464962833,0.75
80.67549040517444,23.44661356855265,0.95
66.1274313664475,22.05193387981421,0.78
83.24552289012745,24.569015176487905,0.92
86.61236016907048,22.06805236446432,0.87
83.50307828957185,23.558874174079342,0.83
60.38162659932452,21.060674993362603,0.8
64.29996472904807,22.759008482681104,0.71
50.610746612019696,21.44228046305085,0.63
87.60180145421313,22.89303895994893,1.0
68.31764839624148,21.343218860394707,0.85
95.62808731034173,25.47149080290471,1.07
83.17968016324238,22.442692097004635,0.9
33.04085632967227,17.135850787864698,0.56
29.90983274352445,16.397867169495267,0.47
61.36033267938572,21.242813373234146,0.81
87.04597680920315,23.404214193165995,0.92
64.54302278835122,20.655721421492338,0.66
81.77185882969819,23.38092024619811,0.95
81.14214604374988,22.84871750597173,0.95
89.58628654791445,22.28623331135394,0.96
73.23348503162188,22.826486847804546,0.84
80.08468475768383,20.706377066542792,0.79
74.59192094659028,20.94422596387565,0.8
74.92123624448406,22.85419857649766,0.83
60.222661185826425,19.21723086679028,0.62
64.76108681604299,21.131853941185767,0.82
77.61431038798023,22.435337604886847,0.86
56.14703589862026,21.94228210619533,0.65
68.63664619489411,22.700247922352165,0.73
47.27465290548242,18.848003561761335,0.67
65.54997621107815,20.656794154651244,0.78
32.78163689484818,18.19614887729319,0.57
100.0,26.14861679058073,1.04
44.446360797678885,19.06956967901665,0.65
51.73502654526082,19.812323855082084,0.63
57.98790154696468,19.86368895639284,0.65
10.703507895949253,15.968809286602752,0.38
71.27914530754613,24.45708319918067,0.85
35.85639555500468,19.88992257649324,0.53
65.93397860814143,21.42870833645978,0.76
70.11420552406456,22.21140568477693,0.82
58.28078436626394,22.01048957341237,0.66
92.25152227760476,23.93877843842789,0.99
89.86837057386253,23.20658824212777,0.9
55.20926792051914,19.84864719837495,0.66
97.74395662535876,26.678547497436732,1.03
82.77703115573499,24.127225455617104,0.99
99.69666679704817,24.95231044902592,1.0
35.653519405703385,18.492007024887457,0.56
65.40220129766558,21.50940728517558,0.76
83.33576652869502,24.18208582256924,0.92
85.30007167987274,25.193745307695004,0.96
100.0,26.02091153263934,1.08
81.01138113862801,25.271512404220285,0.96
58.88861279392141,19.985493526851347,0.69
79.07862236030037,23.115588995373237,0.75
69.55541193952581,21.3665414066076,0.85
66.74567187331606,23.425621700545484,0.82
81.93556330453829,23.84871597825625,0.89
68.4229470443461,22.400814400409605,0.81
79.746164894431,24.067055990484445,0.98
87.02960893518359,25.13702004942551,0.97
61.56121030414423,21.01194204414281,0.75
72.90305053910983,21.771801989975184,0.8
47.100003469256734,19.770125270867076,0.56
71.07156518798948,22.78012065180332,0.75
62.48414187725191,20.105482337751766,0.81
60.88662215569687,20.32585583844773,0.63
68.6290815108195,21.73375709651871,0.87
74.834988441328,22.955097307537027,0.82
100.0,24.32921435205535,1.04
82.57312595981851,22.51615915650989,0.84
75.37393097709038,22.91560159163083,0.84
88.9272134963465,24.285833957497893,1.0
83.20458645279724,22.62226017419572,0.98
89.96148492321616,22.913504480061537,0.94
53.22997664890096,21.017849126670605,0.73
10.0,17.229124161532066,0.38
49.63153161626106,19.747102144141017,0.69
54.802177753104985,20.903017146831026,0.74
48.089478050238185,18.08564560482439,0.6
67.59912520949624,21.012610683825777,0.68
42.01559371889708,19.44226422177429,0.62
62.435003358553615,22.04564552001741,0.76
90.54623059367307,24.443863131379807,0.92
41.69202396367236,19.71597477804648,0.49
47.045205766373314,19.20481901240637,0.57
49.19734309332821,21.302218425472866,0.58
87.69008369808823,23.03275292205128,0.93
80.17881969214203,23.742967607325863,0.8
39.87889818968126,19.76415710793952,0.49
88.89279730587805,25.73834743978709,1.05
73.91166757192246,21.79620579065396,0.78
40.57604553870037,17.68761821966145,0.52
63.916106016313705,20.8393366974475,0.6
54.32028766014696,20.16022828683415,0.58
72.05471804696556,23.493068384691053,0.81
62.723427740636616,23.413441195045124,0.81
31.373540714026237,18.78308617004288,0.47
100.0,25.84302404404209,0.93
61.08167216839822,21.66180386463236,0.73
36.608726316053634,20.82788472573333,0.54
86.28881745579129,23.898295141170184,0.98
89.97259396001158,25.649452363796787,0.88
88.59758588042173,24.19361969572889,0.94
79.11450502883382,22.557891950629344,0.93
65.41122886065342,22.238179518729684,0.88
77.7820311348091,22.272182492769133,0.9
100.0,24.592917663903545,1.08
55.81359254086634,20.2638745310536,0.71
71.00447701482487,22.496646631816763,0.84
82.51402676125619,23.98496390453746,0.79
91.26431377582266,23.77264144191009,0.95
65.91816145772658,21.52854314093861,0.82
56.38750533655421,20.96269142455244,0.7
95.64084777788688,23.37542940282025,1.02
66.34288027655282,18.963580706952005,0.82
97.03892238681269,26.46158657573361,0.99
96.60661964234008,26.96652842835401,1.04
81.33090767506724,21.61924757645168,0.93
65.87228917843733,22.161552904696144,0.82
92.05073311791512,23.5300401433744,1.05
58.62660298556532,22.062073981424003,0.67
62.55453831799471,21.336098992555737,0.7
33.886955373881435,18.536679772897344,0.51
81.10696206426101,24.25427826306245,0.77
74.7460596688445,23.049772040850662,0.8
53.35205988493959,18.858445397356167,0.7
70.28369592769158,22.235616807319666,0.86
91.63724326710934,23.51285550978288,0.93
48.745837680284055,19.11460439103857,0.69
75.20449914087813,21.138294509303797,0.83
66.14868708667395,21.508545890386028,0.84
59.04197806892584,21.582173425048666,0.75
10.0,16.02120896975737,0.38
43.416916244500925,20.23185265840005,0.62
99.2394572710989,25.109411747801804,1.03
60.276569090892,21.2747088028068,0.83
69.32965535402312,21.50481883853937,0.87
10.0,15.396917493375415,0.44
55.0149246177342,20.196044668919978,0.64
73.98763592005362,22.812828033876016,0.91
67.88052989737432,22.331771632639057,0.82
100.0,25.310664722279604,1.03
64.18422376224139,21.005705836589783,0.81
86.80891320451101,25.345309468140176,0.88
77.73314192934028,23.09814831100222,0.87
47.20446910964999,20.54018570315717,0.53
58.75405131612303,21.631152601704425,0.77
46.89400742777572,18.997496301603515,0.66
43.86823705206989,19.505259819449527,0.51
76.35018592117277,23.94972802180932,0.76
77.15057725736197,22.369384878492,0.86
71.81746985701092,21.769487407581813,0.74
54.23832429770053,18.68414322112233,0.67
97.29219092271958,25.140415560311915,1.07
90.70445509851294,24.415940856095517,0.97
54.723517462302624,18.954321018873262,0.69
24.327595997665625,15.646304749975808,0.48
59.90586226156709,22.19941953840653,0.62
50.58593853323802,20.634830192135503,0.66
52.30369602399018,20.104918200295486,0.68
50.587227361877005,19.608810859599597,0.71
62.96374443604206,21.03664058926093,0.76
79.49869755017022,22.36617538448416,0.97
29.2493182655371,18.241721816422977,0.51
51.202042643302136,20.60427172542002,0.73
25.477770491165398,15.87236156520122,0.5
85.84974185156616,22.780474729468704,0.89
45.49824096656769,19.688057865944035,0.61
100.0,25.12313434924929,1.02
56.88675345648305,20.095212619950697,0.69
78.19034143768415,20.785402745869384,0.89
77.0563620529503,22.681187975564235,0.95
89.0294747821466,26.484076660859923,0.86
35.21393175574376,19.050728175435506,0.52
41.73055542505848,18.48924809720254,0.65
72.02781027040636,22.082882864538856,0.9
86.14323250708588,23.23622653688752,0.89
32.49780079413685,18.047454983541044,0.46
75.02313199470814,21.346355637923985,0.92
60.68325906524259,19.698017265744525,0.74
69.74630072770739,22.122488059450948,0.8
27.58521367662639,16.882423523212076,0.56
58.31051344200081,21.926333645035022,0.78
80.26939881267393,22.17868758509432,0.93
81.42834505658752,22.122781018308853,0.77
87.00635940515491,23.22312832577693,0.98
68.15281911945631,20.536224590601787,0.7
81.28624612480675,23.7601292983102,0.82
66.12250711960532,20.629973917513414,0.8
93.00012396555084,23.01866256363496,1.0
89.4148220099361,23.59083148025025,0.97
47.50899722469141,18.63099690008704,0.53
43.84260077395403,20.857700236270123,0.53
57.0761319383184,19.006868756962163,0.78
63.07480271779391,19.912046120651183,0.69
35.314766343088024,18.495950851536477,0.5
57.97429321028567,19.951444351833143,0.72
10.827362056781888,15.359588115443776,0.38
69.96295386581798,23.93729604768245,0.82
80.8639944849264,22.68526576392531,0.93
62.03005370651401,21.69007772842008,0.72
61.85584592797645,21.493539326579672,0.67
89.00698407787901,23.246322602997363,0.94
66.06985396286878,22.247119217798677,0.79
71.04338222258217,21.500961542800415,0.81
68.69150019968994,20.275847036721185,0.77
72.38602664457194,21.256727524964077,0.83
71.24462439892996,23.577872846241696,0.74
65.18903793947014,20.498500485876782,0.69
57.36085262103506,20.148544106748325,0.66
85.13973069003202,23.29656152877905,0.92
80.45168021004139,24.47605888101189,1.01
66.40729934368525,20.057708937717315,0.78
77.20259049741965,21.84441850699952,0.9
11.628374033743157,18.30335966131125,0.38
72.48813140361472,23.982689491735485,0.76
40.14563863415,19.02695229020922,0.56
73.38720266811683,20.71336395506093,0.88
42.31993716209402,18.920334311138443,0.62
80.97008330592085,24.291810746856346,0.91
76.98894106306196,22.47259941222232,0.95
14.059966817208505,15.682682833697037,0.35
55.37074395035808,23.081756192209568,0.71
72.40048890714701,23.53257221957273,0.76
93.44187866487,24.903400077768048,0.93
70.06646041176393,21.820663013139907,0.78
13.261676101426907,15.71837872392849,0.4
46.44530617902482,19.157477543364998,0.53
43.65833765102336,20.726509776634224,0.64
66.58937613692524,20.78078425905218,0.79
63.55201873934766,22.44351326605302,0.77
83.64464691437578,24.276652434575283,0.9
53.1857271320615,22.386859823683945,0.67
86.99365942355033,24.70154098056621,0.84
69.01288397074515,22.00632698754116,0.78
48.24791202609925,19.738315922793472,0.68
72.50026969693506,22.15996033648791,0.89
56.81953787673589,21.103657233680927,0.79
62.99430272063995,21.81988530689277,0.79
48.52618060917237,21.470155670010264,0.64
63.21935181440461,22.40286134625069,0.68
52.88109506478662,20.15592305835817,0.71
65.89716587801318,22.799697852957514,0.78
48.93257031782703,20.554581791663992,0.63
16.063734242168678,15.688830949757028,0.41
94.63549782891178,24.69472039874144,0.99
29.63867353554845,17.852002737576647,0.38
73.52444423341416,22.15446410001157,0.75
87.54385178859917,23.282862750567787,0.9
84.97529493291623,24.94916753007402,0.97
89.76147609674351,24.469908346694687,0.94
39.24721497259549,20.41165338739213,0.55
47.69618731219791,19.85095367460822,0.65
93.96970263341343,24.452872424967723,1.0
21.10428914657067,17.268131135158985,0.37
83.68980107376969,24.119121720477867,1.03
44.09843762651639,18.874724070405296,0.63
54.269104299575545,20.26714980558565,0.66
46.73658649088402,20.65593230068954,0.55
63.700463665863545,21.116081954743816,0.81
63.22958683117506,21.438990313689143,0.82
77.84250609162781,22.81746798822189,0.82
27.172184707316205,19.122755201553687,0.41
67.6875865852524,22.969092638298093,0.78
73.23553798786338,23.64105880212921,0.91
61.46474005853574,20.44831362284225,0.75
55.07614863067286,20.32395336483496,0.77
100.0,25.65143242609081,0.99
96.18435688589236,25.524145147591,0.95
63.6792852148949,20.25182453119526,0.76
89.57571079469234,23.171722361358118,1.02
81.07462294586512,22.05445930606944,0.85
54.72417227486177,21.16642055057865,0.69
34.23644515374407,19.942756236867613,0.55
45.81503519153656,20.78983951583337,0.62
34.41055709385197,16.874504288742173,0.59
51.2960863382806,20.83904064746741,0.63
55.90773694244849,19.93780955432769,0.62
90.16144826497904,21.902128410196426,1.0
44.73931268515048,17.910488762799186,0.59
54.30579459898021,21.095552078053124,0.59
64.31752436943994,22.066064941018404,0.68
43.73906506002294,19.671729857423458,0.6
60.81482133447963,20.855191293743555,0.67
79.02878663617822,24.24902229329887,0.87
60.665081198826655,20.789678369686104,0.75
72.19482735756813,20.768398924591036,0.89
86.72869074789422,22.895533663100075,1.01
69.98937937600219,24.41822451546925,0.83
60.47801644104528,18.86546291636011,0.82
57.75373116611696,22.36385828593665,0.64
68.78229701870778,21.351589954878435,0.87
88.07658832266078,24.284028123207012,0.89
43.6915405871931,19.98581586116236,0.55
57.17377832701911,21.46437738411707,0.68
76.1589034934307,22.108570650599862,0.73
78.80828716676835,22.38897490946922,0.82
64.583696730326,20.8721735094538,0.78
53.36571472718133,19.86224112134481,0.56
74.36697214444385,22.498092421381404,0.88
38.9691169439838,18.400723845226477,0.53
41.932595600780914,18.082559387046725,0.64
68.63150647066287,21.940793199073354,0.7
90.62068159937006,24.757697719106925,0.95
76.15319412596197,22.523467294908563,0.77
95.22736722295552,22.89813750177986,0.99
76.0759440748119,22.62096285190725,0.74
64.88194825998342,20.721947804658907,0.73
63.18543003480936,20.901312346059715,0.69
80.92882282051418,24.53575212178922,0.85
57.84058568473565,21.191697077437432,0.72
26.60070286209806,19.237515203773995,0.57
29.977659087365844,16.735041378380433,0.54
73.44947144007526,22.16187973057775,0.72
86.85734811126295,24.52492735726277,0.95
63.23870558000457,21.11593605114492,0.73
93.44192983623894,25.028140374022136,1.04
92.58766756312872,24.410111584605964,1.04
69.63562038916788,22.025919380279397,0.85
100.0,27.15484432708474,0.99
52.26060466629875,21.66016965506169,0.6
76.61292805796248,23.646251841615214,0.92
76.66868554151579,22.44073934714189,0.86
70.20957026269762,21.470702894087456,0.78
81.21564898771051,22.79620526779479,0.97
44.59468424926079,18.44023465374256,0.57
76.32967237992125,22.39935491134052,0.9
36.24367381232448,18.742372435303988,0.56
87.82250609127745,23.834855084932805,0.87
71.11254039333939,21.067531976468704,0.77
91.27819531617786,24.512131906112927,1.0
53.01704595337077,20.09167992645001,0.7
53.81755893044194,20.29579345607517,0.62
76.97238827943845,22.734922538580523,0.86
45.81656111791563,19.61619996873941,0.66
64.89422205680393,21.227397322494745,0.68
54.69869860450319,19.141757435819457,0.65
64.0144252872528,23.40894375989896,0.75
49.60710927810307,20.5001223013034,0.68
70.52146814396784,22.936539375002123,0.82
68.04055327456457,22.04060366281844,0.82
88.75492052154243,24.870677515557045,0.93
68.80462225563635,21.618062287105623,0.73
38.95800310512618,17.917904840713433,0.53
42.31643225985159,19.0396351285543,0.47
34.900101445889064,19.78506236870388,0.45
96.20551966252606,24.78842286201408,1.0
79.44566311820223,22.9865022868852,0.88
45.269449700859006,18.040044154869037,0.73
36.26972857627585,19.38494939459055,0.58
64.72841864109299,20.085374224216874,0.66
100.0,24.44849708838744,0.99
70.45668685973193,22.955635570006987,0.78
90.8317151414577,22.788890915974232,1.02
65.95423208942546,22.225073307651527,0.81
28.31234758111265,18.996673881531805,0.57
70.21249823160649,22.525948480123112,0.78
81.01724913970496,23.03929794043721,0.89
58.43954317048115,21.11174165977988,0.83
52.6093085196228,20.18083947536,0.76
72.83882626137706,24.05331816832684,0.79
35.49600929011081,18.462071590526683,0.55
56.04160940129952,19.490612464174905,0.68
84.73437873234195,23.814629523526214,0.82
100.0,25.694858875753955,0.91
39.28754792698377,16.97368768193488,0.53
100.0,25.48248317613817,1.0
46.25977933266277,19.67546263785835,0.61
46.67265610850684,19.49381165105749,0.6
77.78529612329953,23.522236781820386,0.85
42.39203675643914,18.69023057233836,0.56
57.0708926986059,20.358309078288723,0.69
91.19147486454968,24.421421609060825,0.96
100.0,25.560349353220705,1.05
62.55693437707134,20.481656537663294,0.78
89.33059643773629,23.109339907520354,0.93
58.67534919046222,20.47522345722281,0.66
65.0725506280634,21.350686540938007,0.72
57.69187822190903,21.517750943112816,0.71
89.24816647369997,22.588180628891084,1.0
66.99275075266287,22.05805118984336,0.7
45.316670529917374,16.495378494836448,0.64
72.23115547029347,24.19506944058911,0.86
86.76256111546299,23.927305964424523,0.96
77.5612045864558,22.22225535861714,0.95
29.84637914119332,17.33181307628393,0.54
72.43197840021817,21.98879445496304,0.82
56.27703345799877,19.14794990661669,0.63
98.30021785481632,25.42091490369253,1.05
41.41683244647629,18.547448873631083,0.67
60.51930050306686,23.06109103332288,0.67
52.80730037642636,21.8121848403278,0.68
75.81284247464198,25.968895683656516,0.78
81.37697284712033,24.762215107913462,0.92
44.38586174656012,18.915622287118776,0.58
54.820481703905,21.51000564405665,0.65
45.58464534453407,19.532644075438625,0.65
100.0,25.75145474378992,0.94
63.065141742727846,21.59089106100284,0.71
87.15830191554001,23.31368675973533,0.95
79.234683737187,23.749090785377703,0.88
47.65533020560302,19.44458725687191,0.64
75.02428220257973,22.121363629704224,0.83
51.097317073833295,20.204002721496963,0.68
69.72127078016904,21.842984992454276,0.78
77.90355578111725,21.379212668629066,0.93
24.422143437655947,15.21527462054078,0.48
47.14032618048185,21.5930091039167,0.72
74.96315829137131,21.80374124098219,0.8
88.9500805888759,24.44401311419327,0.91
48.68667617932512,20.383976179120825,0.61
63.22375964749904,21.233846852533684,0.68
99.72626300489526,25.594852750062323,1.05
66.62678293352147,22.40952760914996,0.77
91.02477321363834,23.628200324936444,0.89
62.16237426855731,23.139544607978973,0.7
36.92754504178269,19.02670726325432,0.65
46.36780489717462,20.38450749304468,0.54
60.334926446085134,20.243990011627787,0.79
82.86794657476293,23.25199764680295,0.98
48.16630947145036,18.9529560783236,0.71
60.3777816495878,20.672972702692554,0.77
87.90144074047313,24.29557886839649,0.88
86.85467765295404,24.95088671576362,0.95
92.02586139053238,24.7123455154236,0.94
93.96060749483264,23.955323277125004,0.87
59.85249428877274,19.14815702430561,0.75
45.33353785182101,19.10249016461403,0.57
25.40736116855018,17.675354389657976,0.39
69.19637185384589,23.27916800841808,0.88
39.883966517298845,19.159250027655464,0.52
80.8890611105723,23.26845587700113,0.86
83.47887608611109,24.81716585853447,0.83
64.45345925001637,20.34538721185242,0.79
69.42629200102664,23.253391292577675,0.73
46.586070059877535,19.76389148362761,0.61
67.42647164491387,21.268336283545214,0.81
82.50599322232944,23.624064564407185,0.88
65.55558793190971,21.936810798181117,0.76
77.03630464474887,23.950953514250383,0.93
52.60500512222621,21.102271564443686,0.64
41.15124095580196,20.14825435974734,0.62
56.707224181789016,22.68747376328734,0.62
44.405683051604136,17.01182723809608,0.53
56.08413426404061,19.376330645012118,0.68
21.36627347318057,19.204133505057516,0.37
90.53625105880818,22.93967513035073,0.87
60.229068463574265,20.87112942966433,0.7
61.77332807590032,21.263558932016743,0.66
52.745883134284654,19.655934335307453,0.6
47.7691084065592,19.227638347580324,0.63
78.72894964041504,22.42943831115481,0.93
43.19443766556347,19.30761403890099,0.61
85.22134888941893,25.15119113222963,0.95
81.57434311110558,21.906623168837605,0.91
39.632147428132456,20.10954385316452,0.61
78.59525674723255,24.261868558967624,0.8
42.38599213299913,18.41693463756637,0.63
93.33057073997848,25.229463890939503,1.0
38.03510114309464,20.767844044120015,0.48
25.9582853508286,19.13411198380952,0.53
43.44583424728451,18.50146370138883,0.52
60.23079479171516,21.93174915109458,0.76
60.84861228031848,20.386753450608023,0.73
60.57759125361062,21.48719200521723,0.64
53.82107761018212,19.32377994669285,0.61
70.0337112494316,21.85611119720269,0.8
38.60540392429292,19.52204162986325,0.64
25.79773089892077,17.713302860636617,0.47
30.823457799637275,18.395801321709094,0.5
76.26887745660872,22.447445019715875,0.81
77.19449761453176,23.50182028240741,0.92
67.0259452277151,22.468376005123726,0.86
82.18958687125254,22.367745273750543,0.95
57.72666525696892,20.92237433984921,0.64
100.0,24.367099727710706,1.03
31.580189721526335,16.974386972642204,0.47
87.2090089362269,24.75272497119695,0.91
68.02153129353009,22.269857416492016,0.67
44.29552087381307,18.34608068034005,0.51
73.84873553412908,20.155867102405587,0.83
76.27280735761478,21.889312577855048,0.81
88.19533890872015,24.484666737183776,1.01
89.68314125997449,24.191367393433826,1.06
37.089140164937234,19.103947158847745,0.51
65.3923155368556,21.418417792884483,0.74
58.16625989255508,21.91957666344668,0.7
42.57511888474039,19.23040913610853,0.61
75.4691660513401,22.958500114964163,0.8
69.97817987934918,19.78597714640507,0.81
72.10727021070771,22.004834230557385,0.8
51.0574944817334,20.95086105250705,0.64
80.2227069450854,22.743193068362206,0.86
71.50104613306354,23.31938772451313,0.83
72.00857325423198,21.488200820370587,0.79
83.49973752880828,23.38333891264567,0.86
73.22528720238826,23.94964331965985,0.89
69.14317098238241,21.418831063874016,0.78
56.35713442553445,19.411051101242546,0.63
62.05408233479224,21.12340536199341,0.77
79.39385998346725,21.58109341129069,0.97
66.1650918059718,19.819249845882783,0.78
86.2662732711903,24.964584806321124,0.92
60.152535231140064,21.60044953543947,0.75
47.755829584058986,19.782606943128773,0.59
89.58567297018296,25.29137733196612,0.97
73.52944416635913,22.96873974526756,0.79
48.95750617489373,21.443802153366818,0.68
66.31186314693124,21.886204752705343,0.86
56.5272703126759,20.54328505798282,0.61
89.84873348605399,23.337748119639883,1.02
34.73153459224592,16.91684379152085,0.47
54.218296297061,22.15472105150248,0.68
76.69249147836926,21.20806505418417,0.84
76.90955457548839,22.30679073632496,0.87
83.05968021340833,24.48942307229568,1.05
78.1006114333771,23.39730221542416,0.91
60.29035803507753,21.61303625754797,0.8
64.08619869620915,22.401768227961877,0.63
89.44239539900266,24.271928714459904,0.92
71.11072971834689,22.07062059940074,0.74
75.05279415632154,22.626469978987423,0.8
78.62011136021356,24.127230050029443,0.94
64.58229114785152,21.977810557466395,0.77
65.75303224222297,20.79004941004487,0.71
56.559479641302026,20.30825550548421,0.73
81.59690645611428,22.655040095181995,0.8
75.04378002192682,23.34441174561297,0.89
53.78356016888343,21.32726847830944,0.64
48.1329575473703,19.424557076224847,0.58
78.50192017702832,22.908228639618407,0.95
39.46709482380388,20.543263576770396,0.49
51.505820964041845,19.34788963139653,0.71
73.97778095871612,22.67599937182842,0.81
73.52754801909954,24.180715188355244,0.85
88.7987799624096,24.231668108470483,0.88
42.55843540363186,19.16462870572668,0.68
69.2169820640522,21.06104518820905,0.89
54.44511644877245,19.37327619208212,0.67
58.98089791453614,20.87049044567592,0.8
67.59900850872914,20.825524235398387,0.72
47.95639360116726,21.22701134574747,0.63
98.92485509551742,24.384880301185337,1.07
65.92182081672536,22.39133833263416,0.72
51.94214092831889,21.099485103890487,0.66
95.34814617919476,26.24536924677056,1.01
47.56176724367036,19.077288154047093,0.6
80.57754975825856,21.961634099697694,0.86
78.13256284788696,22.10633123078751,0.95
93.76260601354096,24.33127014753282,1.06
40.15940005562474,20.05824489466151,0.53
35.00031954211198,17.98686818238059,0.49
89.54651545300968,22.55665717975966,0.99
48.798423595879925,20.91609763202645,0.63
48.26714823525512,19.106830174282774,0.53
87.90165138740173,26.13751669326401,1.06
19.35877494453568,17.08857230036359,0.49
97.30992237512147,24.614040024422906,0.95
78.24697816989851,24.186617070460983,0.94
64.43738687020489,21.659455538270908,0.74
45.73990390996645,18.16240041007062,0.64
91.47243760899676,23.12858190430252,0.96
70.9029418185851,21.73149211821621,0.73
72.11245202449749,22.002501802616468,0.94
94.81388205071454,22.8750812061868,1.04
51.36432735024046,19.86953232577237,0.62
68.25498313334919,20.683336401703915,0.86
40.096285957474365,18.446644479330573,0.48
69.08512278648585,22.976821900160093,0.76
46.72412236382443,18.9075849229167,0.69
68.44256294119344,21.481236277584507,0.73
90.31878616574244,23.876731307267985,0.92
41.08936144130704,20.8189154492006,0.61
61.02842161832901,21.54118658783415,0.67
58.55480816010501,21.145859468653057,0.76
98.25247770452964,24.542352899860354,1.04
65.36997173683868,21.055018499715395,0.65
49.39769118755293,19.410788354759347,0.58
21.473413718685947,18.19193184147805,0.44
69.87628539273462,21.66800559346441,0.78
100.0,25.04099399229421,1.09
100.0,24.77886155076158,1.02
46.37661030913021,19.501082444438484,0.6
51.7547917125985,19.722012034009165,0.6
65.86260287649817,21.973714843193115,0.82
86.15270651940784,23.88047761354701,0.88
52.12778819165924,19.71214734361893,0.71
67.42711013686218,22.17524852768334,0.79
28.915354733871997,18.868531736543773,0.55
84.03405323454314,22.02195347377861,0.86
54.25466467248294,20.525491081165967,0.69
53.39280164719021,19.499525795853323,0.69
72.47024400549309,20.61971978914916,0.74
63.60939370986513,21.54811585547452,0.72
97.42152238781838,24.50423481067911,0.98
100.0,24.160084567522084,0.99
62.11962518377461,20.464058082616933,0.71
100.0,25.295165070615425,1.07
62.03560031408981,23.29780552568232,0.8
47.92927183229073,22.09980906956574,0.61
76.60714584276218,21.9493033717598,0.94
62.58428522475805,21.75771154871233,0.74
66.55865552696278,23.10036532778983,0.71
96.54280914674771,24.07131151157853,0.96
76.30863646346367,24.555190723835224,0.9
71.15387800067522,21.85298731347474,0.91
57.42128569288255,20.78958811762653,0.58
85.10333461616277,24.90371709917438,0.98
86.7569312380736,22.924084261417548,0.84
81.75007831537168,23.54785978136637,0.82
61.9877104830816,21.80235871495461,0.71
79.69373415549497,22.793509217422876,0.82
53.42257021566813,22.027182287826253,0.75
81.54165036584479,24.327470044488795,0.84
100.0,25.67486784893362,1.07
72.1642807234458,23.15663842453515,0.7
39.0681545600161,19.049436902106084,0.58
74.39392444587534,22.30667626045608,0.79
57.876833771543566,20.042055397019386,0.67
49.69077743962619,20.48273525868607,0.69
89.52289688199966,23.693166416258304,1.0
46.243411128919874,18.659170629404176,0.63
56.47763308658416,20.65482403650948,0.68
51.81416457238392,18.033730628938585,0.76
31.929957144827945,17.920619327653075,0.45
67.26748507252802,21.87932433555248,0.75
63.181659489616095,22.46002034623202,0.85
70.00558781900868,21.55972538332603,0.86
100.0,25.883795048509956,1.05
75.48538061639428,23.40996218366992,0.74
87.26121279707249,23.82764199751609,0.89
65.97810257811628,20.51951618344521,0.83
74.43976688176744,22.004309516538697,0.83
98.2848487981492,24.34143457217653,1.02
45.03185682697266,19.738809129539707,0.71
29.396367990835643,16.790504217100843,0.5
76.05208250390542,21.72069854121127,0.88
60.74558623720439,21.27420751729673,0.81
70.83365398863678,24.2677347985316,0.86
27.871537241319665,18.631009546580657,0.4
57.64977444998001,20.35254507443228,0.72
91.42684594274355,23.690406934542068,0.86
73.04963298791867,21.85891507689948,0.93
59.27167239210996,22.719262527746427,0.71
34.11316805200781,20.471118919174355,0.41
76.85235269330288,21.46363956204468,0.84
36.24363254342305,18.44530039809699,0.49
61.15052779329032,21.52748239597023,0.78
53.54680779171551,19.81710539517048,0.63
72.86953002270386,22.095252188203595,0.8
58.97003390271225,22.42168635566777,0.59
52.66754335876277,21.49572399733673,0.71
100.0,24.14581682433396,0.99
67.9449498654529,21.505772650735015,0.73
60.27836727864934,21.172244849525907,0.69
85.36973390693743,23.93340146361651,0.98
59.19274757297761,21.427612997135054,0.75
73.71950518239669,20.86200639462844,0.86
77.13161493657145,21.86500548895073,0.87
72.93267389656116,23.20222902540297,0.82
39.20303862325052,21.19458426984224,0.63
80.07213208322828,22.62449370272138,0.83
74.38287593904961,22.31960733340469,0.81
77.0077425066169,23.807228037762275,0.93
43.58188197725737,18.5674521768537,0.52
65.11080767598625,21.716265531375424,0.7
81.65189311787097,21.991523672164064,0.89
53.544885382901086,18.63162258650425,0.59
74.9197413107321,21.234528933383743,0.75
94.73869445475692,26.09565805314761,1.04
68.23908749979302,21.595971661205496,0.83
75.97564053698974,22.357462166137505,0.83
54.2387384069732,19.54659759097439,0.71
74.15126058583505,21.518379370829983,0.91
71.00331645492294,21.80698698103416,0.74
59.79549235653049,20.56380650509736,0.79
44.25272092732503,19.788805874682076,0.59
100.0,23.68032852913253,0.98
68.3001346429374,22.000637765465815,0.76
47.79850569657674,20.20770750576357,0.65
43.90322503976317,19.93659537520133,0.6
49.80410680724371,20.76718244719942,0.58
86.76874450006355,26.010900000616655,0.91
50.67954102853352,19.37432572630165,0.67
72.14496310002652,21.78401367913787,0.79
49.20996655220247,20.430568389974788,0.68
52.07090551343752,19.304133628195476,0.67
85.6567447781076,23.190643216578724,0.95
49.658488218493005,18.127889530192988,0.71
68.13378308235514,21.675344260572786,0.75
58.91605349516412,19.533120763724884,0.77
73.85975115481827,21.356078638979398,0.89
59.66347124933226,21.40138355195938,0.71
44.11642124868753,19.14124904462913,0.63
64.48448293320129,21.12867008315009,0.82
50.78378831984095,20.64664609179005,0.63
67.63080190717193,21.8909121108839,0.89
100.0,25.682756185201164,1.09
76.30192980636107,21.810945702274385,0.89
50.35071603593924,20.273364929452818,0.64
75.02473358589837,22.42037586105635,0.86
60.26069027770228,21.125630711837204,0.65
64.6080384167664,21.60388932420908,0.8
84.6306303029856,23.97559296222364,0.81
100.0,24.35244967894752,1.01
10.0,16.842415024386415,0.42
84.10820451648446,24.57087380719775,0.9
45.96208729144249,18.6616781849266,0.64
47.66180410746638,19.549397788817565,0.65
51.15427290900636,18.623416313401343,0.67
65.89052992929305,22.79611799673163,0.66
52.91673325612248,19.95978136326657,0.69
60.78083320532501,20.58699648588649,0.74
69.5489533817448,22.136979033380918,0.77
29.885899642743816,19.082878936729877,0.48
73.25329838355444,23.08522741219642,0.91
35.05982210095282,18.85563598723937,0.5
52.66072613681993,22.602379111590324,0.64
52.98514361307057,19.87326292015273,0.7
70.76897264909681,24.1595917071046,0.83
50.62599961008368,20.44123278352162,0.52
50.147801293921134,20.80645666577121,0.62
34.91974521514442,18.35429066064002,0.57
94.4222842092952,24.64629371308649,1.02
76.56052305047525,22.41684095656614,0.84
66.29560250838797,22.909310784492103,0.77
74.39024202913548,21.28454657225632,0.91
80.76853273554087,22.45712450229129,0.86
74.08852239041613,21.278572407116,0.8
27.62831781404909,17.750417113579836,0.43
